# ************************************************************
# Sequel Pro SQL dump
# Version 4541
#
# http://www.sequelpro.com/
# https://github.com/sequelpro/sequelpro
#
# Host: localhost (MySQL 5.7.26)
# Database: eapi
# Generation Time: 2020-10-08 14:38:53 +0000
# ************************************************************


/*!40101 SET @OLD_CHARACTER_SET_CLIENT=@@CHARACTER_SET_CLIENT */;
/*!40101 SET @OLD_CHARACTER_SET_RESULTS=@@CHARACTER_SET_RESULTS */;
/*!40101 SET @OLD_COLLATION_CONNECTION=@@COLLATION_CONNECTION */;
/*!40101 SET NAMES utf8 */;
/*!40014 SET @OLD_FOREIGN_KEY_CHECKS=@@FOREIGN_KEY_CHECKS, FOREIGN_KEY_CHECKS=0 */;
/*!40101 SET @OLD_SQL_MODE=@@SQL_MODE, SQL_MODE='NO_AUTO_VALUE_ON_ZERO' */;
/*!40111 SET @OLD_SQL_NOTES=@@SQL_NOTES, SQL_NOTES=0 */;


# Dump of table migrations
# ------------------------------------------------------------

DROP TABLE IF EXISTS `migrations`;

CREATE TABLE `migrations` (
  `id` int(10) unsigned NOT NULL AUTO_INCREMENT,
  `migration` varchar(255) COLLATE utf8mb4_unicode_ci NOT NULL,
  `batch` int(11) NOT NULL,
  PRIMARY KEY (`id`)
) ENGINE=InnoDB DEFAULT CHARSET=utf8mb4 COLLATE=utf8mb4_unicode_ci;

LOCK TABLES `migrations` WRITE;
/*!40000 ALTER TABLE `migrations` DISABLE KEYS */;

INSERT INTO `migrations` (`id`, `migration`, `batch`)
VALUES
	(1,'2014_10_12_000000_create_users_table',1),
	(2,'2014_10_12_100000_create_password_resets_table',1),
	(3,'2020_10_08_115148_create_products_table',1),
	(4,'2020_10_08_115234_create_reviews_table',1);

/*!40000 ALTER TABLE `migrations` ENABLE KEYS */;
UNLOCK TABLES;


# Dump of table password_resets
# ------------------------------------------------------------

DROP TABLE IF EXISTS `password_resets`;

CREATE TABLE `password_resets` (
  `email` varchar(255) COLLATE utf8mb4_unicode_ci NOT NULL,
  `token` varchar(255) COLLATE utf8mb4_unicode_ci NOT NULL,
  `created_at` timestamp NULL DEFAULT NULL,
  KEY `password_resets_email_index` (`email`)
) ENGINE=InnoDB DEFAULT CHARSET=utf8mb4 COLLATE=utf8mb4_unicode_ci;



# Dump of table products
# ------------------------------------------------------------

DROP TABLE IF EXISTS `products`;

CREATE TABLE `products` (
  `id` int(10) unsigned NOT NULL AUTO_INCREMENT,
  `name` varchar(255) COLLATE utf8mb4_unicode_ci NOT NULL,
  `detail` text COLLATE utf8mb4_unicode_ci NOT NULL,
  `price` int(11) NOT NULL,
  `stock` int(11) NOT NULL,
  `discount` int(11) NOT NULL,
  `created_at` timestamp NULL DEFAULT NULL,
  `updated_at` timestamp NULL DEFAULT NULL,
  PRIMARY KEY (`id`)
) ENGINE=InnoDB DEFAULT CHARSET=utf8mb4 COLLATE=utf8mb4_unicode_ci;

LOCK TABLES `products` WRITE;
/*!40000 ALTER TABLE `products` DISABLE KEYS */;

INSERT INTO `products` (`id`, `name`, `detail`, `price`, `stock`, `discount`, `created_at`, `updated_at`)
VALUES
	(1,'eius','Aliquid laboriosam nesciunt excepturi voluptas quo vitae pariatur nesciunt. Tenetur ut ut in. Modi sed omnis ducimus quibusdam voluptatibus et quo nesciunt.',243,6,12,'2020-10-08 14:36:56','2020-10-08 14:36:56'),
	(2,'molestiae','Accusamus atque nemo saepe sunt ducimus et. Laborum ab velit saepe et est rerum suscipit. Veritatis commodi fugiat rerum quibusdam.',736,6,3,'2020-10-08 14:36:57','2020-10-08 14:36:57'),
	(3,'voluptas','Ad unde dolorem quis sit. Facilis et temporibus sed a. Fugit consequuntur necessitatibus et quidem pariatur accusamus. Qui excepturi voluptatum facilis atque ut consequuntur.',587,6,6,'2020-10-08 14:36:57','2020-10-08 14:36:57'),
	(4,'doloremque','Eaque blanditiis et incidunt officiis repudiandae. Deserunt officiis ipsum dolorem sint earum accusamus. Molestiae officia consequatur iusto illo dolorem. Cupiditate voluptatum saepe voluptatem ea.',538,1,3,'2020-10-08 14:36:57','2020-10-08 14:36:57'),
	(5,'earum','Cupiditate aut voluptas blanditiis voluptatem suscipit mollitia. Rerum ducimus aut dolore nam qui. Similique veritatis quo vel omnis ipsa.',808,9,5,'2020-10-08 14:36:57','2020-10-08 14:36:57'),
	(6,'iste','A atque quis porro tempora possimus itaque. A consequatur omnis excepturi. Quas et atque quos tenetur.',634,2,26,'2020-10-08 14:36:57','2020-10-08 14:36:57'),
	(7,'ut','Odit ullam quidem facere impedit accusantium. Et et voluptas a quis tempore omnis ex. In velit placeat ut eos maxime ex mollitia.',318,3,30,'2020-10-08 14:36:57','2020-10-08 14:36:57'),
	(8,'quia','Quasi eos aliquam aut iusto aut. Vitae autem rerum et ipsam. Est nihil ullam provident eum.',453,3,3,'2020-10-08 14:36:57','2020-10-08 14:36:57'),
	(9,'iure','Et aspernatur eum cum. Molestiae ex magnam eos dolorum fugiat rerum.',287,5,12,'2020-10-08 14:36:57','2020-10-08 14:36:57'),
	(10,'voluptas','Quod qui ratione asperiores doloribus in mollitia. Labore quibusdam fuga laboriosam voluptatum quia tempora quo. Inventore similique quis dolore a. Est quis rerum quam distinctio. Fugiat sunt voluptatum repudiandae tempore perferendis laborum atque ipsam.',631,2,15,'2020-10-08 14:36:57','2020-10-08 14:36:57'),
	(11,'adipisci','Ullam voluptas placeat dolorem dolores voluptatem beatae. Sequi non eius officia asperiores voluptatem. Aut autem rerum debitis aut ducimus. Omnis voluptatum voluptatum explicabo accusamus eum aut.',892,6,8,'2020-10-08 14:36:57','2020-10-08 14:36:57'),
	(12,'ipsa','Deserunt eius et id optio. Et placeat eligendi maiores labore dolores culpa. Voluptatem non occaecati in architecto. Aspernatur eius omnis natus ut sit exercitationem eos. Molestiae numquam reiciendis qui eos.',109,8,19,'2020-10-08 14:36:57','2020-10-08 14:36:57'),
	(13,'veniam','Asperiores atque excepturi corporis aut explicabo. In id eos ad autem deserunt eveniet fuga. Non in magni et numquam ducimus illo.',840,6,27,'2020-10-08 14:36:57','2020-10-08 14:36:57'),
	(14,'fuga','Rerum et quasi eligendi nam iure rerum et. Voluptates optio dolorum iure necessitatibus. Dolorem consequuntur nemo saepe architecto est. Esse molestiae sequi et tempore deleniti.',503,3,21,'2020-10-08 14:36:57','2020-10-08 14:36:57'),
	(15,'saepe','Doloribus aut velit quam et illum. Illo et saepe quaerat est. In laboriosam ipsam suscipit enim. Quia aliquid est minus.',1000,7,10,'2020-10-08 14:36:57','2020-10-08 14:36:57'),
	(16,'repellendus','Consequatur aut perspiciatis quidem. Velit tempore corporis et dolor. Sit eum unde et possimus corporis rerum repellendus. Sequi sed et consectetur at iste voluptatem sunt.',883,7,29,'2020-10-08 14:36:57','2020-10-08 14:36:57'),
	(17,'est','Sit deserunt facilis repudiandae non dicta accusamus magnam. Dicta voluptatem et facere aut. Est velit culpa et distinctio facilis.',414,0,29,'2020-10-08 14:36:57','2020-10-08 14:36:57'),
	(18,'sapiente','Numquam nisi consectetur alias ea libero explicabo. Excepturi alias provident iure autem totam facilis. Voluptate quod alias laudantium aliquam corrupti et corporis.',915,8,23,'2020-10-08 14:36:57','2020-10-08 14:36:57'),
	(19,'quasi','Voluptas velit iusto amet quibusdam. Nam officia hic et dolor sed.',975,0,28,'2020-10-08 14:36:57','2020-10-08 14:36:57'),
	(20,'nobis','Minus earum rerum ut vitae. Itaque deleniti quas ullam autem voluptatibus dolore.',306,8,14,'2020-10-08 14:36:57','2020-10-08 14:36:57'),
	(21,'et','Vel et minus sit nemo voluptatibus quod hic. Autem rerum consequatur in velit. Et aut accusantium quae molestiae.',671,7,2,'2020-10-08 14:36:57','2020-10-08 14:36:57'),
	(22,'pariatur','Ratione similique et accusamus similique. Praesentium facere temporibus voluptatum similique perspiciatis alias. Nihil sunt quis aut quia. Distinctio saepe exercitationem expedita.',442,9,4,'2020-10-08 14:36:57','2020-10-08 14:36:57'),
	(23,'accusantium','Possimus et et accusamus quos suscipit ut. Qui voluptatem et eveniet quaerat. Ut velit rerum sit.',199,3,23,'2020-10-08 14:36:57','2020-10-08 14:36:57'),
	(24,'accusantium','Harum tenetur in sed odit qui neque expedita. Voluptatem quia totam natus debitis. Facere consequatur minima officiis et.',409,9,25,'2020-10-08 14:36:57','2020-10-08 14:36:57'),
	(25,'aliquid','Est id impedit mollitia cum a nobis. Dignissimos velit at repellendus quas officia quos. Ut quisquam quis qui harum doloribus repellendus dolore. Rem aut eius ducimus dolores commodi. Magnam numquam cumque quae dolorem necessitatibus pariatur.',779,1,18,'2020-10-08 14:36:57','2020-10-08 14:36:57'),
	(26,'tempora','Qui qui atque nobis eveniet porro consequatur. Non voluptate assumenda facilis placeat. Quia voluptas quae sit.',694,1,9,'2020-10-08 14:36:57','2020-10-08 14:36:57'),
	(27,'provident','Ut ipsum numquam itaque quam repellat est minima. Et ratione sed sapiente culpa nostrum. Sit qui nihil reprehenderit. Sit voluptatibus voluptatibus eum.',680,2,7,'2020-10-08 14:36:57','2020-10-08 14:36:57'),
	(28,'eligendi','Minus similique unde perferendis fuga voluptatum corporis. Sint accusantium et esse earum quasi beatae distinctio. Quas veniam nihil hic ratione vel fuga.',625,5,2,'2020-10-08 14:36:57','2020-10-08 14:36:57'),
	(29,'autem','Cum sit sint dolores dolorem. Asperiores vero dolorem deleniti voluptatum velit voluptatem occaecati voluptate. Tempora ea distinctio eligendi sint ea. Quam harum voluptatem culpa mollitia. Laboriosam dolorum dignissimos porro iure esse.',770,9,30,'2020-10-08 14:36:57','2020-10-08 14:36:57'),
	(30,'incidunt','Earum corrupti ut est deserunt vel. Fugiat adipisci dolore alias deserunt commodi praesentium ut corrupti. Sit qui officia aspernatur porro. Exercitationem voluptates nihil fugiat aliquid iste impedit.',456,4,8,'2020-10-08 14:36:57','2020-10-08 14:36:57'),
	(31,'vel','Et eaque omnis dolor atque. Dolores minus libero totam quod fuga dolores illo. Eius ipsum quo animi omnis dolores doloremque velit.',500,8,15,'2020-10-08 14:36:57','2020-10-08 14:36:57'),
	(32,'et','Dolorem omnis aut eius harum. Est nihil eum voluptatibus quas laborum. Atque consequuntur occaecati voluptatum maiores maiores omnis non.',159,8,30,'2020-10-08 14:36:57','2020-10-08 14:36:57'),
	(33,'voluptatem','Laborum et nostrum harum aut rerum. Repellendus qui doloremque voluptates iusto voluptates sed. Libero placeat eos nam omnis error voluptatem maiores non.',579,2,8,'2020-10-08 14:36:57','2020-10-08 14:36:57'),
	(34,'voluptatibus','Aliquid voluptate esse accusamus ea nostrum quia molestiae consequuntur. Recusandae qui iste amet eligendi est beatae eum dolor. Sit adipisci illum autem quia eaque culpa dignissimos. Enim excepturi quia voluptas consequatur quibusdam et laudantium.',434,3,11,'2020-10-08 14:36:57','2020-10-08 14:36:57'),
	(35,'et','Exercitationem et sed eius aut laboriosam quod. Possimus ut quas voluptas laudantium provident. Accusantium facere unde eveniet quia.',805,0,6,'2020-10-08 14:36:57','2020-10-08 14:36:57'),
	(36,'eveniet','Nesciunt id magnam ut aliquid voluptatum numquam qui. Error est porro quia dolores repellendus repellendus quam reiciendis. Aut sed rerum numquam et non.',819,6,13,'2020-10-08 14:36:57','2020-10-08 14:36:57'),
	(37,'corporis','Incidunt non libero ut voluptate aut esse. Consequuntur qui distinctio sint deserunt quo consequatur adipisci. Occaecati odit et accusamus vitae sit. Ducimus cumque et facere expedita fugit.',261,0,22,'2020-10-08 14:36:57','2020-10-08 14:36:57'),
	(38,'quo','Qui aspernatur iusto maiores ut eos. Odit sit modi doloribus autem. Nobis earum tempore quas occaecati. Labore earum fuga nisi in dolorem sint.',985,6,22,'2020-10-08 14:36:57','2020-10-08 14:36:57'),
	(39,'at','Ea et culpa dolor dolorem sed. Aut aut fugiat ut. Illum molestiae laudantium aliquid quas quod aut. Quidem recusandae ipsum quidem. Corporis quis enim consequuntur non ab et.',601,4,21,'2020-10-08 14:36:57','2020-10-08 14:36:57'),
	(40,'hic','Sint explicabo harum blanditiis est dolorum et quos. Sequi animi ut repellendus. Voluptas odit minus voluptas ipsa in a fugiat. Eaque enim omnis optio nemo ut facilis exercitationem.',110,4,20,'2020-10-08 14:36:57','2020-10-08 14:36:57'),
	(41,'porro','Voluptate quia occaecati voluptas optio. Dolorem eaque voluptates accusamus similique consequatur. Repellat dolor repellendus tempore officia praesentium deleniti excepturi.',719,4,24,'2020-10-08 14:36:57','2020-10-08 14:36:57'),
	(42,'repellendus','Ut illum consequatur illo et earum. Adipisci nam quia et qui error excepturi odit. Deleniti impedit sint consequatur maiores cupiditate quo voluptatem. Et accusamus cumque porro molestias.',832,5,10,'2020-10-08 14:36:57','2020-10-08 14:36:57'),
	(43,'deleniti','Quos doloribus aut dolores nemo. Dolorum dolore expedita quo temporibus est molestiae. Ducimus sed asperiores reiciendis rerum ad id et sint.',934,3,6,'2020-10-08 14:36:57','2020-10-08 14:36:57'),
	(44,'soluta','Reiciendis cupiditate quis incidunt perferendis rem recusandae. Sint possimus doloremque aut assumenda voluptas eaque autem maxime. Voluptate aut natus cupiditate iusto inventore. Quaerat amet eos architecto est quia aut ipsa.',799,7,18,'2020-10-08 14:36:57','2020-10-08 14:36:57'),
	(45,'earum','Voluptatem tempore laboriosam id quas neque sed amet. At et ipsum minima dolorem. Adipisci corporis et dolore. Praesentium harum placeat ratione maxime omnis non dolor. Ut quia cumque quae harum voluptate.',823,7,27,'2020-10-08 14:36:57','2020-10-08 14:36:57'),
	(46,'minima','A alias consequuntur iste dolorum beatae maiores et. Qui aspernatur expedita est dolores exercitationem dolores magnam. Cumque ut neque doloribus aut.',754,1,24,'2020-10-08 14:36:57','2020-10-08 14:36:57'),
	(47,'vero','Enim voluptatem accusantium praesentium eligendi ut labore. Nemo facilis rerum velit quo minima. Asperiores ullam sunt et ratione.',640,0,18,'2020-10-08 14:36:57','2020-10-08 14:36:57'),
	(48,'dolorem','Exercitationem ad perspiciatis dolor repudiandae. Ipsa sunt et error eos voluptatum. Quo sed occaecati culpa vitae culpa.',622,8,6,'2020-10-08 14:36:57','2020-10-08 14:36:57'),
	(49,'eum','Tempora fugiat quas ullam nulla non sit. Molestias delectus qui ipsam quaerat accusamus id. Maxime doloribus eos laboriosam ab deserunt praesentium reiciendis non. Cum pariatur sed harum omnis sit hic itaque.',258,6,16,'2020-10-08 14:36:57','2020-10-08 14:36:57'),
	(50,'maiores','Voluptates omnis voluptates quibusdam et earum omnis unde. Quos culpa error ipsum ab. Molestiae inventore voluptas et possimus consectetur omnis omnis laboriosam. Aspernatur sed soluta at voluptates ut odit facilis dicta.',931,9,5,'2020-10-08 14:36:57','2020-10-08 14:36:57');

/*!40000 ALTER TABLE `products` ENABLE KEYS */;
UNLOCK TABLES;


# Dump of table reviews
# ------------------------------------------------------------

DROP TABLE IF EXISTS `reviews`;

CREATE TABLE `reviews` (
  `id` int(10) unsigned NOT NULL AUTO_INCREMENT,
  `product_id` int(10) unsigned NOT NULL,
  `customer` varchar(255) COLLATE utf8mb4_unicode_ci NOT NULL,
  `review` text COLLATE utf8mb4_unicode_ci NOT NULL,
  `star` int(11) NOT NULL,
  `created_at` timestamp NULL DEFAULT NULL,
  `updated_at` timestamp NULL DEFAULT NULL,
  PRIMARY KEY (`id`),
  KEY `reviews_product_id_index` (`product_id`),
  CONSTRAINT `reviews_product_id_foreign` FOREIGN KEY (`product_id`) REFERENCES `products` (`id`) ON DELETE CASCADE
) ENGINE=InnoDB DEFAULT CHARSET=utf8mb4 COLLATE=utf8mb4_unicode_ci;

LOCK TABLES `reviews` WRITE;
/*!40000 ALTER TABLE `reviews` DISABLE KEYS */;

INSERT INTO `reviews` (`id`, `product_id`, `customer`, `review`, `star`, `created_at`, `updated_at`)
VALUES
	(1,28,'Sincere Price PhD','Est quod tempore delectus dolor beatae quis ducimus. Nulla quia deserunt quibusdam. Rerum doloremque aut quis beatae placeat id. Eum id quia nisi pariatur vel.',5,'2020-10-08 14:36:57','2020-10-08 14:36:57'),
	(2,41,'Prof. Maya Okuneva','Adipisci doloribus consectetur sed. Veritatis sunt quis beatae mollitia in suscipit in. Minima omnis molestiae doloremque ducimus impedit nulla iure.',2,'2020-10-08 14:36:57','2020-10-08 14:36:57'),
	(3,17,'Madisen Cole','Qui sunt est at. Nemo dicta accusantium minus dolores sit. Voluptate voluptatem ut expedita eligendi.',4,'2020-10-08 14:36:57','2020-10-08 14:36:57'),
	(4,20,'Laverna Satterfield','Accusantium sunt ex officiis nobis culpa architecto nesciunt. Occaecati consequatur alias pariatur harum odit.',2,'2020-10-08 14:36:57','2020-10-08 14:36:57'),
	(5,27,'Dr. Hal Ledner DDS','Reprehenderit ad maxime molestias repudiandae illum doloribus vel. Omnis eaque omnis eius ratione magni qui consequatur. Dignissimos numquam et excepturi tenetur nemo. Deleniti libero non in.',5,'2020-10-08 14:36:57','2020-10-08 14:36:57'),
	(6,8,'Lee Kozey','Autem optio dolorem sunt in. Saepe praesentium sint libero. Delectus harum blanditiis molestiae aliquid voluptas minima. Ut sunt nihil deleniti fuga corrupti perspiciatis. Ut sunt sed temporibus voluptate similique.',2,'2020-10-08 14:36:57','2020-10-08 14:36:57'),
	(7,30,'Robb Treutel','Sit sit aliquid voluptas aperiam est. Consectetur vitae sequi est blanditiis distinctio. Magni officiis non temporibus in delectus quisquam soluta. Suscipit rerum minima dolor suscipit cumque vel.',0,'2020-10-08 14:36:57','2020-10-08 14:36:57'),
	(8,45,'Kimberly Hermiston','Aut hic dicta aut id eaque. Omnis quod cum saepe distinctio id mollitia et. Hic blanditiis fugit voluptatem blanditiis unde est quis molestiae. Sint vel molestiae soluta repellat voluptatum qui aut.',1,'2020-10-08 14:36:57','2020-10-08 14:36:57'),
	(9,10,'Nannie Terry','Non eveniet provident saepe recusandae optio ut quia. Repellat vitae suscipit atque suscipit harum. Laborum ratione quod facere eos aut aut nihil nihil. A quaerat consequuntur neque rerum accusamus dolorum quibusdam minima.',4,'2020-10-08 14:36:57','2020-10-08 14:36:57'),
	(10,13,'Mustafa Bashirian I','Mollitia quaerat iure repellat eligendi adipisci rerum. Neque quas excepturi rerum aut quam commodi laudantium. Eum quaerat velit aut laboriosam nihil illum ex.',3,'2020-10-08 14:36:57','2020-10-08 14:36:57'),
	(11,32,'Moshe Breitenberg PhD','Earum qui ratione expedita quia qui. Consequatur natus quos quis. Amet quia et ex quis voluptate fugit et voluptates.',0,'2020-10-08 14:36:57','2020-10-08 14:36:57'),
	(12,6,'Mr. Tom Thompson MD','Eligendi veritatis doloremque aspernatur eum sunt sed laborum. Cupiditate officia molestiae assumenda iure qui commodi fuga. In esse qui non in sequi reprehenderit cum. Dignissimos odit eos magnam error possimus.',0,'2020-10-08 14:36:57','2020-10-08 14:36:57'),
	(13,12,'Joanny Keebler I','Repellendus ut odit qui libero dolores. Nobis ipsum quia veritatis natus voluptatem. Ab eius non voluptatem inventore eos. Quia est est et delectus.',5,'2020-10-08 14:36:57','2020-10-08 14:36:57'),
	(14,14,'Miss Carmella Feest','Commodi et doloremque vero ut incidunt. Aut voluptas neque est impedit sed et.',3,'2020-10-08 14:36:57','2020-10-08 14:36:57'),
	(15,50,'Ms. Baby Lindgren','Tempore magni perspiciatis nobis velit. Tenetur illum officia illum sunt. Laboriosam aut nemo vero deleniti omnis. Ea rerum qui placeat ut quasi.',2,'2020-10-08 14:36:57','2020-10-08 14:36:57'),
	(16,28,'Prof. Angelo Kassulke MD','Voluptatibus non hic veritatis consequatur officia. Voluptates velit at dolorem enim ut ut. Ad qui ab sunt odit et tenetur itaque. Blanditiis occaecati beatae officiis delectus molestiae.',1,'2020-10-08 14:36:57','2020-10-08 14:36:57'),
	(17,34,'Imogene Cummings','Delectus voluptatem non praesentium officia sint repudiandae sit porro. Nihil sint omnis fugit delectus occaecati. Placeat eum voluptates soluta modi quia accusamus dolorem. Voluptates eum nam qui a facilis.',3,'2020-10-08 14:36:57','2020-10-08 14:36:57'),
	(18,5,'Prof. Triston Reilly IV','Iste qui rerum esse cum maiores placeat consequatur. Optio earum illum est asperiores doloribus illo. Debitis est dolorum quas. Temporibus minima omnis voluptatem velit dignissimos.',2,'2020-10-08 14:36:57','2020-10-08 14:36:57'),
	(19,48,'Lucile Erdman','Voluptatem sapiente veritatis pariatur laboriosam accusamus rerum eos. Corrupti nesciunt sunt cupiditate natus sed nihil fugit. In ut rerum consectetur.',1,'2020-10-08 14:36:57','2020-10-08 14:36:57'),
	(20,12,'Mrs. Nedra Padberg','Reprehenderit velit accusantium quasi cumque autem molestiae quaerat. Voluptatem laboriosam et ea facere et sunt impedit. Iste accusantium corrupti dolorem.',1,'2020-10-08 14:36:57','2020-10-08 14:36:57'),
	(21,16,'Ray Dare','Veniam qui nihil dolore. Sequi maiores animi minima aspernatur est ducimus. Dolores saepe minima et soluta eligendi. Corporis et tempora necessitatibus ea aut.',0,'2020-10-08 14:36:57','2020-10-08 14:36:57'),
	(22,16,'Mrs. Emelie Hirthe IV','Nihil consequuntur aperiam temporibus et. Dolorem nobis odio quae non. Ut dignissimos officiis consectetur explicabo cum minus et velit. Officia in qui libero hic maiores occaecati nostrum.',5,'2020-10-08 14:36:57','2020-10-08 14:36:57'),
	(23,22,'Ida Emard','Pariatur voluptatem et suscipit cupiditate. Quia iste sit velit vel quis iusto nisi rem. Eligendi et ullam est officia culpa aut. Dolores qui dolorem recusandae velit.',4,'2020-10-08 14:36:57','2020-10-08 14:36:57'),
	(24,18,'Austen Baumbach','Aut pariatur et nobis. Officiis consectetur sunt corporis quia.',0,'2020-10-08 14:36:57','2020-10-08 14:36:57'),
	(25,38,'Prof. Herminia Mitchell','Quibusdam minus quidem inventore sit doloribus. Magnam tenetur mollitia aut deserunt. Magni qui labore cum qui aliquam sequi.',3,'2020-10-08 14:36:57','2020-10-08 14:36:57'),
	(26,26,'Luciano Runolfsdottir','Reiciendis soluta consequuntur quia laudantium illo nam ullam. Quam laboriosam itaque unde quam. Sint ab maxime deserunt voluptatem culpa tempore. Officia minima occaecati tenetur veritatis.',1,'2020-10-08 14:36:57','2020-10-08 14:36:57'),
	(27,41,'Juliana Weimann','Blanditiis exercitationem quibusdam velit non omnis est atque. Ex quos sit nihil ea sapiente. Officiis eligendi beatae dolor aliquid. Quos id dolorem quod reprehenderit.',0,'2020-10-08 14:36:57','2020-10-08 14:36:57'),
	(28,10,'Mrs. Viola Kozey','Eligendi ipsa dolor doloribus perspiciatis. Eaque est et voluptatibus in quasi nostrum blanditiis. Omnis tempora nam ut voluptate. Quae repudiandae eligendi in ea repellendus.',2,'2020-10-08 14:36:57','2020-10-08 14:36:57'),
	(29,42,'Prof. Carissa Botsford PhD','Omnis earum ducimus velit id quod totam. Rerum earum modi soluta accusantium sint dolor. Vero quis voluptatibus ad quia vitae.',2,'2020-10-08 14:36:57','2020-10-08 14:36:57'),
	(30,6,'Prof. Allen Hyatt PhD','Aspernatur quasi assumenda omnis veniam omnis amet aut. Ea adipisci dolor iusto quod. Beatae facilis eum dolorum deleniti aut.',3,'2020-10-08 14:36:57','2020-10-08 14:36:57'),
	(31,23,'Tyson Gerlach','Excepturi eos accusantium qui. Accusantium et debitis rem est porro ex. Dignissimos iste id et qui.',2,'2020-10-08 14:36:57','2020-10-08 14:36:57'),
	(32,13,'Grayce Zboncak','Sint rerum est voluptatem fugiat. Vel molestias non nulla voluptatem eius perferendis molestiae maiores. Atque quam quaerat est.',4,'2020-10-08 14:36:57','2020-10-08 14:36:57'),
	(33,26,'Deon Blick','Molestiae repellat eveniet eos deserunt quas ipsa. Aut occaecati et qui nam. Exercitationem dolores eos corporis.',1,'2020-10-08 14:36:57','2020-10-08 14:36:57'),
	(34,3,'Tony Kling','Aspernatur cumque dicta aut aut tempore eum. Sed quas maiores est illo voluptatem. Nihil id sed dolorem.',4,'2020-10-08 14:36:57','2020-10-08 14:36:57'),
	(35,46,'Gavin Swaniawski','Mollitia ducimus quasi dicta enim. Libero maiores rerum sed non beatae voluptatem quas. Aut occaecati aut amet qui. Autem molestiae unde ratione id. Ut ut sed alias eveniet eius.',0,'2020-10-08 14:36:57','2020-10-08 14:36:57'),
	(36,33,'Mrs. Jayda Weber','Ea non alias voluptates qui itaque voluptatem nulla. Amet ullam harum voluptas est itaque ipsam ad. Consequatur error deleniti numquam mollitia debitis. Voluptate vitae doloremque id blanditiis.',3,'2020-10-08 14:36:57','2020-10-08 14:36:57'),
	(37,46,'Dr. Toy Brown IV','Eius necessitatibus dicta dignissimos quam ea exercitationem ut laboriosam. Quis ipsa doloremque consequuntur mollitia. Hic dolores cum dolore assumenda commodi.',3,'2020-10-08 14:36:57','2020-10-08 14:36:57'),
	(38,21,'Tremaine Waelchi','Pariatur et neque quis facilis ratione facere. Quo deleniti unde omnis est eaque. Pariatur eveniet dolor non eum officiis.',5,'2020-10-08 14:36:57','2020-10-08 14:36:57'),
	(39,8,'Lyla Beer','Quidem amet provident nam alias aperiam ea. Quidem iusto autem non repudiandae aut. Repellendus quis aspernatur qui ut a provident nisi.',2,'2020-10-08 14:36:57','2020-10-08 14:36:57'),
	(40,29,'Faye Sporer','Sapiente qui sint quo voluptatem ex est quibusdam. Corrupti id non aut quo pariatur est. Voluptatem assumenda eum ducimus consequatur iste quis dignissimos autem. Voluptatem cupiditate quaerat sed at eos at.',0,'2020-10-08 14:36:57','2020-10-08 14:36:57'),
	(41,19,'Josh Abshire','A eum et ipsum non et nesciunt consequatur. Perspiciatis nihil recusandae cumque eos aut modi. Qui qui nihil quam dignissimos et a sit.',0,'2020-10-08 14:36:57','2020-10-08 14:36:57'),
	(42,23,'Dr. Cooper Mitchell','Accusamus labore neque esse numquam eligendi harum voluptas. Ab odio optio tempore rerum corrupti. Doloremque dolor et fugiat harum culpa. Natus facere adipisci omnis.',3,'2020-10-08 14:36:57','2020-10-08 14:36:57'),
	(43,15,'Prof. Davin Buckridge','Sit hic facilis et et voluptas eaque incidunt. Molestiae libero sunt vel dignissimos qui. Sapiente beatae quibusdam eos beatae qui.',1,'2020-10-08 14:36:57','2020-10-08 14:36:57'),
	(44,2,'Orie Dietrich','Veniam perspiciatis enim quia consequatur libero sed. Blanditiis consequatur veniam cum esse molestias laudantium. Et quasi eligendi ducimus corporis.',5,'2020-10-08 14:36:57','2020-10-08 14:36:57'),
	(45,38,'Janessa Oberbrunner','Quidem id exercitationem quo. Magnam non quos dolor aut. At distinctio ex deserunt facilis est. Vero quidem ut velit id suscipit.',1,'2020-10-08 14:36:57','2020-10-08 14:36:57'),
	(46,4,'Katrine Lehner','Eveniet consectetur id tempore alias tenetur. Voluptas numquam dolor ut occaecati laborum rerum doloremque. Voluptatem velit quia neque non.',5,'2020-10-08 14:36:57','2020-10-08 14:36:57'),
	(47,46,'Chase Dicki','Nostrum nihil saepe quidem eum. Inventore dolor amet veritatis et veritatis.',0,'2020-10-08 14:36:57','2020-10-08 14:36:57'),
	(48,30,'Dr. Rudy Mertz MD','Explicabo non sit quia facilis id. Non sed dolorem qui cum voluptas explicabo ex unde. Aut odit eligendi ducimus ut. Repellat optio et qui quia.',5,'2020-10-08 14:36:57','2020-10-08 14:36:57'),
	(49,44,'Ms. Katarina Johnson PhD','Ut consequatur cumque architecto aliquam accusamus iste nisi. Eveniet quo omnis odio. Molestiae iste possimus explicabo accusamus et. Non est amet incidunt officia tenetur eius velit. Ut odit molestias harum velit recusandae dolorum.',3,'2020-10-08 14:36:57','2020-10-08 14:36:57'),
	(50,32,'Dr. Raheem Howe','Molestiae assumenda consequatur nihil libero voluptatem. Ad nam sed saepe suscipit. Non consequuntur magnam dolor sit. Eaque explicabo assumenda ut vel qui totam non. Ducimus molestiae omnis tempore dignissimos asperiores.',0,'2020-10-08 14:36:57','2020-10-08 14:36:57'),
	(51,43,'Carlie Wehner','Eligendi explicabo voluptatem quo harum. Enim repellendus facere omnis voluptatibus et voluptatem. Aut explicabo in culpa cupiditate. Praesentium eos et ea nulla est adipisci omnis dolore. Voluptas provident omnis sint eveniet consectetur deserunt minima.',0,'2020-10-08 14:36:57','2020-10-08 14:36:57'),
	(52,47,'Tristin Schaden MD','Aut velit neque molestiae ab. Ex voluptatibus sint praesentium quia velit eum et. Est esse quae et molestias suscipit ut cum. Eius rerum non molestias quaerat.',1,'2020-10-08 14:36:57','2020-10-08 14:36:57'),
	(53,36,'Robb Zboncak','Voluptas enim quis est ut. Praesentium cupiditate ipsum aut. Fuga itaque voluptatem illum quo deserunt sed voluptatem.',3,'2020-10-08 14:36:57','2020-10-08 14:36:57'),
	(54,25,'Sage Bode MD','Iure repudiandae nemo quae. Aut sed minima quibusdam consequuntur. Facere illo sed officia. Iste voluptatem quo et voluptatem.',0,'2020-10-08 14:36:57','2020-10-08 14:36:57'),
	(55,23,'Dr. Wilfredo Abshire','Repudiandae vel est rerum. Optio excepturi voluptas dignissimos reprehenderit officia magnam ut. Cupiditate aut et nisi esse dolorem ut. Doloribus quisquam sed et earum. Sapiente consequatur ducimus soluta et et.',1,'2020-10-08 14:36:57','2020-10-08 14:36:57'),
	(56,15,'Kaylie Toy II','Eos reiciendis mollitia accusantium eveniet itaque maxime repellendus reiciendis. Esse consequatur illo consequatur sint optio et qui. Omnis deleniti autem et quam officiis omnis ad. Sunt libero inventore excepturi sed.',4,'2020-10-08 14:36:57','2020-10-08 14:36:57'),
	(57,19,'Prof. Lewis Donnelly DDS','Ab consequatur fugit voluptatem rerum. Ea ut aspernatur et tempora ipsa qui est autem. Et pariatur nisi sit quis.',0,'2020-10-08 14:36:57','2020-10-08 14:36:57'),
	(58,35,'Michaela Gorczany','Quasi non dolorem molestiae ullam ea. Autem asperiores accusamus ab qui quibusdam eveniet repudiandae.',1,'2020-10-08 14:36:57','2020-10-08 14:36:57'),
	(59,21,'Mr. Parker Fay Sr.','Molestiae autem autem vitae quis quis voluptatem pariatur. Impedit ducimus voluptatibus doloremque odit dolorem hic consequatur. Vitae atque et qui. Atque quis beatae magni voluptates.',1,'2020-10-08 14:36:57','2020-10-08 14:36:57'),
	(60,23,'Abdiel Reinger','Repellendus vel sunt voluptatem. Eaque doloribus quia fugit sapiente. Adipisci minus reprehenderit consequuntur a est quod dolores labore.',5,'2020-10-08 14:36:57','2020-10-08 14:36:57'),
	(61,23,'Prof. Hayden Heathcote','Excepturi saepe ut ab fugiat est. Mollitia voluptatem quam voluptatem assumenda dolor. Reiciendis architecto tempora maiores quaerat id aperiam voluptatibus.',2,'2020-10-08 14:36:57','2020-10-08 14:36:57'),
	(62,20,'Edgar Moore','Aut quae enim et est ut voluptatem. Et sapiente voluptatem aspernatur non ea. Sunt corporis excepturi et et voluptas officiis sit.',5,'2020-10-08 14:36:57','2020-10-08 14:36:57'),
	(63,23,'Miss Helen Stracke','Aut molestias itaque error laboriosam alias possimus ad veniam. Qui est maiores nulla ipsa iusto et. Error ut at pariatur.',2,'2020-10-08 14:36:57','2020-10-08 14:36:57'),
	(64,38,'Ms. Sandra Deckow II','Sint consequatur quasi mollitia eos molestiae cumque provident. Cupiditate dolor minima laboriosam nostrum. Et accusamus aliquam itaque quia. Aspernatur pariatur quam rerum sequi fuga.',3,'2020-10-08 14:36:57','2020-10-08 14:36:57'),
	(65,42,'Mathilde Bernhard','Sint recusandae nobis cum. Ut quos atque dolores beatae quod. Neque ratione beatae vitae qui.',5,'2020-10-08 14:36:57','2020-10-08 14:36:57'),
	(66,6,'Lewis Blick','Ea et corporis aliquid qui a esse. Nemo quasi accusamus rerum eaque eum laborum harum. Excepturi quia et nihil minus. Excepturi et harum quia.',5,'2020-10-08 14:36:57','2020-10-08 14:36:57'),
	(67,3,'Helena Gibson MD','Voluptatum maiores voluptas aut at fugit. Facilis architecto quam corrupti minus quo sunt impedit. Et omnis illo ut ut doloremque neque fugiat.',4,'2020-10-08 14:36:57','2020-10-08 14:36:57'),
	(68,16,'Madilyn Johns','Et molestiae alias ut iure minus accusamus officia. Velit excepturi repellat dolor aut quaerat explicabo omnis. Inventore rerum consequatur beatae quos accusantium possimus suscipit molestiae. Molestiae suscipit dicta qui enim maiores optio.',4,'2020-10-08 14:36:57','2020-10-08 14:36:57'),
	(69,17,'Faustino Welch','Mollitia corporis numquam minima qui occaecati. Consequatur in quis voluptates et laboriosam. Sit dolore placeat sint ipsa fugiat deleniti. Facere error quia consectetur sed ullam.',5,'2020-10-08 14:36:57','2020-10-08 14:36:57'),
	(70,34,'Selina Flatley','Eum voluptate ullam sint ea velit dolores. Illo quae laboriosam et aliquam eveniet ut in qui. Optio itaque nostrum numquam aliquid eveniet totam. Dolores repellat voluptatem consequuntur alias vero.',0,'2020-10-08 14:36:57','2020-10-08 14:36:57'),
	(71,48,'Vincenzo Murazik','Omnis sit deserunt eius reprehenderit et. Adipisci quasi deleniti quo et ad. Eveniet dolor aut eaque sit nihil.',3,'2020-10-08 14:36:57','2020-10-08 14:36:57'),
	(72,7,'Monroe Olson','Dolore in reiciendis quibusdam tempora fuga consequatur beatae perferendis. Suscipit doloribus voluptas sit. Earum quasi eos et nihil. Ut voluptatem impedit facilis.',3,'2020-10-08 14:36:57','2020-10-08 14:36:57'),
	(73,44,'Ava Waters','Totam corrupti ipsum delectus. Deserunt sit sit ut et. Nam fuga blanditiis enim a quo natus. Temporibus molestiae nesciunt qui ut qui nobis.',0,'2020-10-08 14:36:57','2020-10-08 14:36:57'),
	(74,47,'Lucile Casper','Voluptatem alias voluptas et aut exercitationem assumenda. Maiores repudiandae facere enim rerum. Quia et facilis odit illo aliquid iste distinctio optio. Cumque et recusandae atque corporis sed iusto.',4,'2020-10-08 14:36:57','2020-10-08 14:36:57'),
	(75,50,'Sim Stroman II','Sint provident adipisci quia tempore. Quas omnis doloremque sequi. Ad sit perferendis qui inventore expedita sed. Dolore aut illo ipsa necessitatibus placeat quod dolores.',0,'2020-10-08 14:36:57','2020-10-08 14:36:57'),
	(76,4,'Karine Champlin','Quaerat exercitationem hic soluta consequuntur tenetur et. Cum velit eum dolor quis veritatis accusantium ex id. Tempore aut molestias ducimus tempore omnis quibusdam accusantium. Ut architecto dolorem aut minus repellendus id aliquam.',0,'2020-10-08 14:36:57','2020-10-08 14:36:57'),
	(77,2,'Kenyon Dickens','Nihil omnis minima id est esse. Et quasi animi quisquam sequi vel tenetur. Impedit eius illo voluptate eveniet deleniti ut et ullam. Quidem eligendi quis magni. Ipsam adipisci eos et iure officiis ut qui.',1,'2020-10-08 14:36:57','2020-10-08 14:36:57'),
	(78,10,'Christa Deckow','Veniam ut sint aut repellendus ut quos. Aliquam et ipsam commodi dignissimos deserunt tempore ipsum. Rerum rerum non et odio earum ut doloremque. Sunt voluptas impedit doloremque corrupti ipsum repellendus earum veniam.',2,'2020-10-08 14:36:57','2020-10-08 14:36:57'),
	(79,8,'Haylee Kshlerin PhD','Est at ea adipisci et nisi occaecati. Ut dolorem impedit nobis ut. Aut aut ea quia nam dignissimos soluta et. Optio et expedita est quidem amet fuga reiciendis sequi.',4,'2020-10-08 14:36:57','2020-10-08 14:36:57'),
	(80,50,'Miss Camylle Dare','Voluptatibus maxime adipisci nobis. Quidem dolor quae eaque distinctio aut ut qui. Nemo quidem voluptatum occaecati.',2,'2020-10-08 14:36:57','2020-10-08 14:36:57'),
	(81,34,'Vivianne Bartoletti','Et est quia et qui. Odit perspiciatis unde hic eos quod repellat. Sequi sapiente dolorum exercitationem officia non sit molestias.',0,'2020-10-08 14:36:57','2020-10-08 14:36:57'),
	(82,44,'Melvin Kuvalis','Et qui tempora aliquam dolore facere qui voluptas perspiciatis. Et tempore adipisci sint ipsum. Et magnam et et.',4,'2020-10-08 14:36:57','2020-10-08 14:36:57'),
	(83,4,'Jade Berge','Et tempore veniam quaerat ab nemo perferendis consequuntur. Sunt quis neque excepturi veritatis. Omnis et ipsam perspiciatis velit aut doloremque sequi itaque.',5,'2020-10-08 14:36:57','2020-10-08 14:36:57'),
	(84,34,'Reese Swift','Illo qui voluptate provident. Ea ut autem cumque magnam placeat nihil. Possimus id vitae quod commodi quia. Officia dolorem tempora ut voluptatibus porro alias odio. Odit aspernatur quam illo ut rerum.',3,'2020-10-08 14:36:57','2020-10-08 14:36:57'),
	(85,24,'Prof. Ayden Mills','Illum officiis nesciunt quam et. Nostrum quibusdam qui illo vero qui eum expedita. Sunt doloremque maxime quaerat labore labore et sunt. Et ea dignissimos minus voluptatum rerum et consectetur.',3,'2020-10-08 14:36:57','2020-10-08 14:36:57'),
	(86,35,'Myrl Lubowitz DVM','Expedita id incidunt aut. Sed pariatur hic iste quidem culpa placeat. Distinctio earum occaecati cupiditate iure non.',5,'2020-10-08 14:36:57','2020-10-08 14:36:57'),
	(87,15,'Noble Stiedemann','Repellat est odit aut at maiores non. Quaerat qui debitis tempore suscipit ducimus cumque. Fugiat ut hic perferendis voluptas. Voluptates quos sint accusantium blanditiis delectus vel.',0,'2020-10-08 14:36:57','2020-10-08 14:36:57'),
	(88,47,'Joelle Schiller I','Repellat quas veniam inventore esse deleniti consequatur. Dolor odio accusantium non qui accusamus. Sed praesentium consequatur ut qui debitis fugit.',5,'2020-10-08 14:36:57','2020-10-08 14:36:57'),
	(89,40,'Marjorie Wehner','Dolorem inventore id quaerat reiciendis suscipit. Vero unde reiciendis iste cumque voluptates veritatis. Et in aut id eligendi voluptas hic qui. Est occaecati voluptatibus similique eum consequatur aut est.',5,'2020-10-08 14:36:57','2020-10-08 14:36:57'),
	(90,4,'Elnora Yost PhD','Deserunt consectetur nobis mollitia omnis voluptatem modi neque. Ut est dolorum aut in. Ab nesciunt ut sit distinctio. Suscipit facere eos possimus quod neque ratione eum.',0,'2020-10-08 14:36:57','2020-10-08 14:36:57'),
	(91,24,'Dr. Leon Grimes','Aut est quidem repellendus consequatur sed alias perferendis. Quia ab quod ipsa numquam ad. Voluptatum ut illo quis eligendi asperiores. Facere cupiditate non sapiente repellat deserunt.',4,'2020-10-08 14:36:57','2020-10-08 14:36:57'),
	(92,15,'Virginie Kuvalis','Nulla accusamus consectetur facere mollitia aut vel quae deleniti. Maxime voluptatibus explicabo voluptates ut magnam adipisci facere. Culpa unde quo omnis et ut culpa. Nostrum aut distinctio velit ipsam et accusamus et est.',4,'2020-10-08 14:36:57','2020-10-08 14:36:57'),
	(93,28,'Shakira Abernathy I','Qui veritatis quasi fugiat distinctio. Aut quia quia beatae quis ducimus optio dolor. Accusantium qui quo quo non qui et.',0,'2020-10-08 14:36:57','2020-10-08 14:36:57'),
	(94,2,'Prof. Emmitt Muller','Consequuntur in occaecati autem debitis quisquam harum. Voluptatem quia id aut iure molestiae repudiandae ut. Animi qui et beatae quidem laboriosam.',5,'2020-10-08 14:36:57','2020-10-08 14:36:57'),
	(95,21,'Shawn Beatty','Dolorum quis fuga delectus ad dolor. Nihil ipsam totam ipsa voluptatem vero voluptate. Nisi eveniet vel eligendi nobis.',1,'2020-10-08 14:36:57','2020-10-08 14:36:57'),
	(96,40,'Jadon Kreiger','Impedit voluptas velit nisi ab ut quia. Praesentium accusantium ut voluptatem labore a ut. Dicta dolorum occaecati recusandae eum.',4,'2020-10-08 14:36:57','2020-10-08 14:36:57'),
	(97,50,'Hunter Bins','Deserunt excepturi laborum aut libero id ad similique. Dolore libero delectus et consequuntur animi voluptatem ad quasi. Quas ut ex culpa omnis laboriosam vel sapiente.',1,'2020-10-08 14:36:57','2020-10-08 14:36:57'),
	(98,24,'Patricia Bartell','Est vero et doloribus quidem. Sint dignissimos fuga necessitatibus beatae quasi. Modi rerum corporis dicta. Et aspernatur ratione ipsam sunt.',5,'2020-10-08 14:36:57','2020-10-08 14:36:57'),
	(99,41,'Destini Lueilwitz','Voluptatum et expedita optio laboriosam. Libero corporis nam commodi nemo et. Cupiditate impedit explicabo voluptatum ut magni dolores. Quo dolores excepturi voluptatum at excepturi velit sed officiis.',1,'2020-10-08 14:36:57','2020-10-08 14:36:57'),
	(100,42,'Trent Schuster','Hic aut eaque ex voluptatem distinctio. Nihil unde sunt adipisci atque aut velit. Aut inventore et temporibus sit repellendus omnis laudantium. Perspiciatis nemo eos modi autem autem nam architecto.',0,'2020-10-08 14:36:57','2020-10-08 14:36:57'),
	(101,40,'Jailyn Johnson','Ratione dolorem ut ad eos aut. Et quia quia quia ipsum. Et ut aut voluptas tenetur recusandae. Ducimus maxime et placeat in.',5,'2020-10-08 14:36:57','2020-10-08 14:36:57'),
	(102,11,'Peter O\'Connell','Tenetur qui ipsa suscipit voluptas. Ut voluptas et ex ut sint. Quia sed veritatis alias qui rerum quis doloribus. Repellat mollitia sunt magnam quia rem ratione occaecati.',2,'2020-10-08 14:36:57','2020-10-08 14:36:57'),
	(103,20,'Javonte Yost','Sunt non consequatur impedit voluptates. Quo libero mollitia facilis vel et. Accusamus tempora voluptas ipsum. Rerum eum est dignissimos est alias.',4,'2020-10-08 14:36:57','2020-10-08 14:36:57'),
	(104,21,'Reinhold Lockman','Architecto libero fugit est voluptate id. Deleniti similique commodi ut similique itaque non.',0,'2020-10-08 14:36:57','2020-10-08 14:36:57'),
	(105,23,'Savion Konopelski','Nemo fuga accusamus commodi. Ipsum et est quae officia enim eos. Quae ducimus voluptatem enim. Doloremque dolor est voluptas in in modi enim quidem.',4,'2020-10-08 14:36:57','2020-10-08 14:36:57'),
	(106,4,'Mrs. Mozell Jerde','Et est aut atque possimus. Ipsa quae cumque odit in dolor ipsam quo aliquam. Voluptatem accusamus recusandae quia autem delectus suscipit.',4,'2020-10-08 14:36:57','2020-10-08 14:36:57'),
	(107,20,'Branson Veum','Aliquid et est expedita autem dolorem. In sit voluptas ut excepturi placeat modi quis. Perferendis dolorum et at et qui.',4,'2020-10-08 14:36:57','2020-10-08 14:36:57'),
	(108,16,'Gaston Dare','Sequi cumque ducimus dolores. Laboriosam nulla at et.',4,'2020-10-08 14:36:57','2020-10-08 14:36:57'),
	(109,14,'Mohamed Reynolds IV','Ut voluptatem quos veniam et. Quos repellendus itaque facere.',1,'2020-10-08 14:36:57','2020-10-08 14:36:57'),
	(110,8,'Craig Kerluke','Vel voluptas molestias distinctio neque facilis debitis. Voluptatem commodi neque aut voluptatem debitis voluptatum asperiores. Blanditiis ex non perferendis odit occaecati dolores. Perspiciatis asperiores id doloremque corrupti.',4,'2020-10-08 14:36:57','2020-10-08 14:36:57'),
	(111,17,'Tiffany Kessler','Enim ut sequi qui est natus. In tenetur laboriosam eum sunt. Eos debitis labore delectus et et. Doloremque libero est enim unde at repudiandae odio incidunt.',5,'2020-10-08 14:36:57','2020-10-08 14:36:57'),
	(112,45,'Heaven Breitenberg','Iusto eos qui et rerum in modi. Fuga mollitia nostrum rerum ut minus. Ut quaerat fugiat repudiandae autem velit adipisci.',4,'2020-10-08 14:36:57','2020-10-08 14:36:57'),
	(113,49,'Haylee Monahan','Est nisi accusamus nostrum ut. At ipsum quidem dolor quasi voluptatem. Eum asperiores voluptates labore omnis harum sed. Doloribus repellat animi et eum quia veniam.',4,'2020-10-08 14:36:57','2020-10-08 14:36:57'),
	(114,40,'Santiago Daugherty','Voluptatem non earum porro voluptatem. Eaque dolore autem aut repellat atque velit aut. Labore sit voluptas atque accusantium est consequuntur qui nostrum.',3,'2020-10-08 14:36:57','2020-10-08 14:36:57'),
	(115,49,'Tyrell Swaniawski','Quia animi et doloribus voluptatem. Repellendus cum enim qui consequuntur est. Excepturi officia id totam sed consequatur in sed.',5,'2020-10-08 14:36:57','2020-10-08 14:36:57'),
	(116,6,'Nolan Brekke','Necessitatibus iusto consequatur accusamus qui et dolorem reprehenderit. Sed cum sunt vel nulla et perferendis. Officiis omnis quia voluptas eos cum. Harum voluptas quis rerum consequatur non aut vel.',2,'2020-10-08 14:36:57','2020-10-08 14:36:57'),
	(117,45,'Kamille Grady II','Et nobis aut est possimus officiis cum et. Mollitia sapiente et nemo et neque dolorem. Distinctio nihil ea omnis cupiditate. Est laborum quia nobis odio minima tempora velit.',5,'2020-10-08 14:36:57','2020-10-08 14:36:57'),
	(118,10,'Idella Rodriguez','Assumenda ad aut ut eius accusantium quas. Veritatis vel rerum quo mollitia non soluta. Possimus occaecati aliquid est voluptatum quae excepturi debitis. Placeat ut magni aspernatur qui quia tempora repellendus.',5,'2020-10-08 14:36:57','2020-10-08 14:36:57'),
	(119,28,'Kaylee Carter','Veniam cupiditate ad et est. Voluptatem quia iure occaecati ab. Et sunt natus quis voluptas aut cum rerum.',0,'2020-10-08 14:36:57','2020-10-08 14:36:57'),
	(120,9,'Enid Cremin','Id et consequatur aliquam et facere. Quo maxime cum quia quidem. Assumenda aut nam eveniet similique beatae aliquid ut.',2,'2020-10-08 14:36:57','2020-10-08 14:36:57'),
	(121,34,'Dr. Dayne Lockman','In et est error est ut sed beatae. In commodi sed perspiciatis unde tempora. Non voluptate dolor ipsum sit.',0,'2020-10-08 14:36:57','2020-10-08 14:36:57'),
	(122,21,'Ed Harber','Modi voluptatem recusandae voluptates hic alias odio aut. Sit earum et quia iusto praesentium animi et. Non doloribus voluptatem eius asperiores odio. Fugit nihil sint reiciendis laborum.',0,'2020-10-08 14:36:57','2020-10-08 14:36:57'),
	(123,1,'Prof. Kadin Berge MD','Pariatur sit inventore enim est nisi voluptatem quia. Velit distinctio enim laborum non rem qui. Quo quia animi ea ipsum placeat rerum voluptas. Aut at possimus assumenda earum occaecati qui in nihil.',3,'2020-10-08 14:36:57','2020-10-08 14:36:57'),
	(124,7,'Prof. Raleigh Donnelly V','Quis odit nulla sapiente ex. Adipisci similique est tempore repudiandae voluptatem. Perferendis autem non excepturi quisquam aut minima.',4,'2020-10-08 14:36:57','2020-10-08 14:36:57'),
	(125,27,'Dr. Alycia Willms','Odio minus in expedita qui distinctio aliquid. Facere sed voluptas qui facilis voluptatem. Asperiores quibusdam fugiat voluptates veniam. Sed officia atque laboriosam earum ipsam. Eum ut voluptatum illum id fugit non dolore dolor.',5,'2020-10-08 14:36:57','2020-10-08 14:36:57'),
	(126,32,'Dr. Thomas Denesik','Laborum quia voluptas ex nisi. Sapiente iusto consectetur sunt tempora voluptas error vel. Nihil quasi quisquam delectus aut a explicabo optio. Ut repellat et consectetur deserunt voluptatum non aut. Corporis error voluptatem sit laudantium.',5,'2020-10-08 14:36:57','2020-10-08 14:36:57'),
	(127,11,'Alfonzo Hickle','Debitis provident cum fugiat alias et. Nobis cumque et corporis exercitationem et eius. Alias quis quis sed velit. Ea quod maiores dolor officiis rem velit ratione. Voluptates molestiae rem quam.',3,'2020-10-08 14:36:57','2020-10-08 14:36:57'),
	(128,13,'Elisabeth Kuhlman Jr.','Quo qui autem ratione et asperiores dolorum beatae. Et voluptas voluptate ratione inventore. Quas cumque nihil eaque rerum et esse quidem. Libero est ut impedit sint unde error veritatis.',3,'2020-10-08 14:36:57','2020-10-08 14:36:57'),
	(129,45,'Alessia Mohr','Necessitatibus et cum asperiores doloribus corrupti explicabo enim. Laboriosam itaque aut officia accusantium voluptate minima. Et in aliquam dolorem error. Et in qui molestiae natus.',5,'2020-10-08 14:36:57','2020-10-08 14:36:57'),
	(130,20,'Mr. Saul Huels V','Aut possimus nihil perferendis autem sed et. Quos autem ut facere neque nisi. Quas odio omnis illum blanditiis.',4,'2020-10-08 14:36:57','2020-10-08 14:36:57'),
	(131,32,'Charlene Torphy Sr.','Exercitationem vel ratione iure. Hic odio ut animi omnis. Reiciendis voluptate ut id sequi.',1,'2020-10-08 14:36:57','2020-10-08 14:36:57'),
	(132,42,'Miss Janelle Gislason','Commodi quia doloribus nam animi consectetur omnis. Sequi magni et dolorum inventore voluptatem et. Sequi labore dolorem consequatur voluptates esse omnis. Eius atque ipsum perspiciatis minima.',2,'2020-10-08 14:36:57','2020-10-08 14:36:57'),
	(133,4,'Jarrod Kirlin','Deserunt in eaque veniam consequuntur earum nam quo. Sed accusantium quis aut ut quibusdam et dignissimos. Velit possimus perspiciatis iste eum ut repudiandae. Quam similique odio maxime exercitationem beatae quo.',4,'2020-10-08 14:36:57','2020-10-08 14:36:57'),
	(134,5,'D\'angelo Hirthe','Quaerat adipisci tempora omnis aliquam rerum voluptas nobis. Consectetur hic sed esse voluptas quo. Et dolorum tempora vero fugit voluptatem et. Corporis velit quis iusto quo dolor.',3,'2020-10-08 14:36:57','2020-10-08 14:36:57'),
	(135,32,'Geraldine O\'Connell','Beatae est quis cupiditate ut omnis. Quo nam sint ad sit voluptate ipsa. Facilis ad reiciendis fuga fuga. Enim nihil est quia quia minima omnis.',0,'2020-10-08 14:36:57','2020-10-08 14:36:57'),
	(136,19,'Adalberto Ortiz','Consequatur mollitia voluptatem sit quo. Ut officiis minus qui voluptatem minus. Et consequuntur nesciunt nemo.',0,'2020-10-08 14:36:57','2020-10-08 14:36:57'),
	(137,40,'Gust Kuhic','Vero quo temporibus dolor ipsa culpa. Consectetur a qui ut nulla. Reprehenderit quam dolore totam ea expedita voluptatum id.',4,'2020-10-08 14:36:57','2020-10-08 14:36:57'),
	(138,39,'Easter Boehm','Aut et similique excepturi harum consectetur eum. Dolores labore error eum voluptatum occaecati neque temporibus. Ipsa quod facilis modi ut vitae nulla eaque praesentium.',0,'2020-10-08 14:36:57','2020-10-08 14:36:57'),
	(139,16,'Lurline Beatty','Repellat nihil dolore necessitatibus vel veritatis perspiciatis ducimus. Tenetur soluta qui libero quam. Ut ut officiis molestiae rerum commodi.',0,'2020-10-08 14:36:57','2020-10-08 14:36:57'),
	(140,4,'Maiya Champlin','Provident sit velit a sint quidem recusandae. Quis dolor sunt dolorem quo et nihil qui non. Ipsa et velit esse. Porro enim nostrum vitae quam sint.',5,'2020-10-08 14:36:57','2020-10-08 14:36:57'),
	(141,31,'Cortney Bartoletti','Debitis sit vel est distinctio tempora aut doloremque. Non illo repudiandae id dolor. Omnis et facere nemo molestiae quam omnis quo.',4,'2020-10-08 14:36:57','2020-10-08 14:36:57'),
	(142,41,'Aimee Gerhold IV','Ut esse est error impedit. Ratione enim quia ducimus est vel soluta soluta. Veniam quam suscipit enim. Natus quis molestias dolorum sit dolor quod et.',3,'2020-10-08 14:36:57','2020-10-08 14:36:57'),
	(143,6,'Prof. Schuyler Roberts','Saepe magnam voluptatum optio consequatur doloribus. Voluptas enim nesciunt est nam hic. Eum possimus itaque sint.',5,'2020-10-08 14:36:57','2020-10-08 14:36:57'),
	(144,48,'Savanah Morar','Aperiam dolorem ratione perferendis ut enim praesentium et. Similique qui ea aut voluptate nisi. Sunt minima ullam nesciunt et voluptatem aliquid consequatur. Rerum magnam et aliquam repellendus quo non. Nihil officiis iure consequatur nostrum et nam.',3,'2020-10-08 14:36:57','2020-10-08 14:36:57'),
	(145,7,'Rosario Padberg','Est architecto hic deleniti sit. Quia tenetur voluptatem iusto enim vitae dolores. Id consequatur quia ex adipisci earum.',1,'2020-10-08 14:36:57','2020-10-08 14:36:57'),
	(146,49,'Bryce Mertz','Quo tempore occaecati perspiciatis ea. Totam aut non aut eveniet tempore rerum. Impedit aut illo ut ut molestiae reiciendis. Praesentium autem culpa ullam libero adipisci quod dolores.',2,'2020-10-08 14:36:57','2020-10-08 14:36:57'),
	(147,36,'Reymundo Hane','Ducimus eum magnam quas omnis a quisquam. Ducimus voluptatem ut incidunt est sapiente reiciendis. Ab distinctio possimus quam omnis in.',4,'2020-10-08 14:36:57','2020-10-08 14:36:57'),
	(148,9,'Rhoda Ebert','Dolorem consectetur odio iste et repudiandae doloribus dolores nulla. Quo esse ea sunt sint voluptatem dicta sunt autem.',0,'2020-10-08 14:36:57','2020-10-08 14:36:57'),
	(149,20,'Emil Dach','Praesentium est culpa consequatur placeat ex et perspiciatis autem. Doloremque labore autem earum et quisquam distinctio. Minus perspiciatis molestiae nesciunt.',5,'2020-10-08 14:36:57','2020-10-08 14:36:57'),
	(150,27,'Lexus Toy','Sint natus similique veritatis sed consequatur. Eligendi tempora maiores necessitatibus accusantium. Provident dolor aut facere quia inventore blanditiis. Sunt accusamus perspiciatis aut sequi reprehenderit est.',1,'2020-10-08 14:36:57','2020-10-08 14:36:57'),
	(151,22,'Francis Renner','Molestiae non qui vel rem voluptatibus optio nam. Quis consectetur eligendi ullam nemo et maxime sit qui. Laboriosam repudiandae sequi sunt. Eos modi accusantium repudiandae odio dolores non voluptas laborum.',3,'2020-10-08 14:36:57','2020-10-08 14:36:57'),
	(152,49,'Raina Kris','Facere eos quas dolores. Velit et itaque repellendus quis aliquam commodi. Sed tempore velit et est eum dolor. Odio consequatur sit eos magnam quia sed voluptates. Aperiam minus ipsum sunt sint.',2,'2020-10-08 14:36:57','2020-10-08 14:36:57'),
	(153,46,'Kris Carroll II','Vitae facilis dolore vitae iusto ex ut aperiam ullam. Ratione consequatur quo autem cupiditate. Officiis et aut dolor ad.',1,'2020-10-08 14:36:57','2020-10-08 14:36:57'),
	(154,29,'Percy Buckridge','Sit in quam quod neque et ipsum. Officiis aliquid quibusdam est repellendus id.',3,'2020-10-08 14:36:57','2020-10-08 14:36:57'),
	(155,22,'Velda Prohaska','Dolores labore illum rerum quidem ipsa voluptatibus. Qui eveniet et ut dolores cumque et facilis. Inventore quia sequi non. Qui et voluptatum dicta blanditiis.',5,'2020-10-08 14:36:57','2020-10-08 14:36:57'),
	(156,17,'Elizabeth Kiehn','Reiciendis id dolor totam. Similique ea molestias vel deleniti perspiciatis. Nihil voluptas voluptates est necessitatibus.',1,'2020-10-08 14:36:57','2020-10-08 14:36:57'),
	(157,41,'Dr. Ramiro Wisozk','Ab optio ut qui et. Aut neque aliquam asperiores soluta. Magnam culpa molestiae eius velit est eos cupiditate.',1,'2020-10-08 14:36:57','2020-10-08 14:36:57'),
	(158,16,'Remington Gleason','Minima hic iure ducimus excepturi quod possimus. Nemo consectetur a nihil nihil omnis at. Eaque molestias sequi quia totam nostrum.',2,'2020-10-08 14:36:57','2020-10-08 14:36:57'),
	(159,29,'Coby Morissette IV','Esse ipsa non sed et aut accusantium. Voluptatem facere delectus est. In harum ipsa consectetur accusamus.',5,'2020-10-08 14:36:57','2020-10-08 14:36:57'),
	(160,46,'Olen Herman','Voluptas fugit totam temporibus qui voluptatem dolor. Qui non mollitia eius ipsam dolores eius natus. Quia fugiat explicabo inventore quia fuga non voluptatum.',3,'2020-10-08 14:36:57','2020-10-08 14:36:57'),
	(161,41,'Bianka Greenfelder','Dolorem quis sunt tempore corporis officia sed id distinctio. Necessitatibus consequatur sint eius eum sunt inventore est atque. Consequatur earum rerum sint illum. Qui quaerat ab molestias.',3,'2020-10-08 14:36:57','2020-10-08 14:36:57'),
	(162,34,'Krystel Waelchi IV','Fugit dolorem ut ab vel quis aut. Eos et et est accusamus dolor. Est doloremque numquam nemo aut voluptates id suscipit. Unde enim ex vel corporis illum atque sed. Quo atque earum dolore molestias voluptates qui.',4,'2020-10-08 14:36:57','2020-10-08 14:36:57'),
	(163,45,'Ashlynn Cartwright','Animi facere quo excepturi. Aliquam quo quae consequatur numquam aliquam non magnam voluptatibus. Ducimus magnam enim dolorem quasi velit quam at. Ullam tenetur maiores et dolor voluptatem ducimus autem reprehenderit.',0,'2020-10-08 14:36:57','2020-10-08 14:36:57'),
	(164,27,'Mr. Eldon Streich','Fugit delectus facilis architecto est non tenetur et. Ut rem facilis voluptas consectetur aspernatur. Officiis nam aut quis non et.',0,'2020-10-08 14:36:57','2020-10-08 14:36:57'),
	(165,42,'Jalon Runolfsdottir Sr.','Quas dolor dolores incidunt cupiditate. Nihil animi dolore nobis aut vel optio reiciendis. Fuga hic quidem aut. Pariatur sapiente eveniet ullam architecto est dolores totam.',5,'2020-10-08 14:36:57','2020-10-08 14:36:57'),
	(166,42,'Hailie Bogan','Est saepe molestiae earum maxime. Qui sed et ab inventore molestias voluptas. Sit molestiae quo ex culpa velit enim. Inventore repellendus placeat fugit molestiae eum amet in.',4,'2020-10-08 14:36:57','2020-10-08 14:36:57'),
	(167,15,'Dr. Deshaun Kautzer MD','Ea neque et delectus rem. Aperiam rem quis rem recusandae fuga quas. Consequatur officiis aperiam consectetur suscipit dolorum tempore odio. Ipsam consequatur molestias et dolorem rerum optio pariatur.',0,'2020-10-08 14:36:57','2020-10-08 14:36:57'),
	(168,27,'Madisen Hill','Dolores in expedita enim repellendus illo quas. Iusto et explicabo adipisci quam quae maxime. Sit praesentium velit fugit et itaque. Voluptas odit doloremque aut quis eum unde quae.',5,'2020-10-08 14:36:57','2020-10-08 14:36:57'),
	(169,50,'Raoul Greenholt','Blanditiis quas veniam recusandae corporis. Est qui aliquam et qui. Iure ut quisquam dignissimos quasi. Sit id eius maiores consequatur animi suscipit.',2,'2020-10-08 14:36:57','2020-10-08 14:36:57'),
	(170,12,'Mrs. Clotilde Gleason MD','Repudiandae quo voluptatum voluptates vitae dignissimos. Est et nam aut architecto consequuntur. Amet provident officiis unde voluptas consectetur.',0,'2020-10-08 14:36:57','2020-10-08 14:36:57'),
	(171,31,'Everett Kuhic','Enim cumque et non facilis doloremque consequatur. At itaque consequuntur mollitia. Culpa aliquam doloribus eligendi et.',0,'2020-10-08 14:36:57','2020-10-08 14:36:57'),
	(172,4,'Maud Kutch','Minus esse ad tempora aliquam in officiis error dolores. Est provident animi ut fuga temporibus dolore et quis. Necessitatibus blanditiis animi atque nemo et. Molestiae nam sed laboriosam.',4,'2020-10-08 14:36:57','2020-10-08 14:36:57'),
	(173,44,'Thalia Stehr','Enim tempore et beatae tempore ea sint. Et minus beatae quisquam sed laborum nam ut. Vitae ipsa vel nostrum dolor. Sint dolorem quis eaque numquam optio omnis culpa omnis.',3,'2020-10-08 14:36:57','2020-10-08 14:36:57'),
	(174,16,'Christophe Blick','Explicabo molestias temporibus officiis vel sint repellendus perspiciatis et. Blanditiis et quas architecto excepturi voluptatum aspernatur quis. Eaque ullam dolor quaerat consequuntur reprehenderit. Voluptatem sint non minima earum modi ipsa id sunt.',5,'2020-10-08 14:36:57','2020-10-08 14:36:57'),
	(175,24,'Kendrick Torp','Non deserunt consequatur commodi et eos beatae qui voluptatem. Officiis iure distinctio quia rem. Veniam iusto temporibus voluptas laboriosam. Consequatur rerum blanditiis in incidunt beatae adipisci.',2,'2020-10-08 14:36:57','2020-10-08 14:36:57'),
	(176,25,'Lottie Feil','Est et alias illo soluta quidem dolor. Et et sit facere aliquid.',0,'2020-10-08 14:36:57','2020-10-08 14:36:57'),
	(177,45,'Ms. Elyssa Shanahan','Voluptas minus numquam deleniti architecto est. Ullam velit rerum voluptatem illum earum rerum quas. Quibusdam voluptatum ut et laboriosam. Voluptatem fugit amet qui aut.',0,'2020-10-08 14:36:57','2020-10-08 14:36:57'),
	(178,16,'Elvie Koss','Non quo sint vel occaecati quasi sed est est. Adipisci rerum sed quos quos quam quibusdam. Et qui laudantium aut.',0,'2020-10-08 14:36:57','2020-10-08 14:36:57'),
	(179,36,'Enrico Schmidt','Illo provident dignissimos et corporis. Eveniet autem ut modi a exercitationem qui non. Et eum ducimus corrupti consectetur sit.',0,'2020-10-08 14:36:57','2020-10-08 14:36:57'),
	(180,41,'Dr. Floyd Cassin MD','Debitis nesciunt explicabo reiciendis id eum accusantium temporibus. Adipisci corporis sint dignissimos est rerum repellat quo. Omnis sit eveniet sed. Quod est earum quo.',2,'2020-10-08 14:36:57','2020-10-08 14:36:57'),
	(181,46,'Mervin Hodkiewicz V','Natus quibusdam soluta consectetur sed. Ea enim voluptate ut et vitae. Magnam molestiae ea repudiandae placeat. Voluptatem voluptatibus reiciendis doloribus voluptas natus ea.',5,'2020-10-08 14:36:57','2020-10-08 14:36:57'),
	(182,27,'Clifford Trantow','Aliquam veniam officia qui. Eum quo cum non est nobis enim eum.',3,'2020-10-08 14:36:57','2020-10-08 14:36:57'),
	(183,49,'Prof. Graciela Ruecker PhD','Et hic ad aut voluptas accusamus alias neque et. Iste deserunt necessitatibus non omnis. Sunt ducimus error praesentium tempore dignissimos. Esse soluta et nihil illum est.',1,'2020-10-08 14:36:57','2020-10-08 14:36:57'),
	(184,35,'Ike Parisian','Asperiores aperiam ut provident illo aut. Error ut a sed voluptatibus recusandae dicta vel. Similique rerum unde id. Possimus tenetur iusto consequuntur qui aut quos velit. Nostrum reiciendis id quo laboriosam.',3,'2020-10-08 14:36:57','2020-10-08 14:36:57'),
	(185,31,'Orion Beatty','At quis cumque accusantium velit aut est enim. Ab aut debitis sunt libero. Beatae quia in ducimus quos minus eius.',1,'2020-10-08 14:36:57','2020-10-08 14:36:57'),
	(186,6,'Mauricio Graham','Mollitia atque reiciendis sed at. Voluptate dolore similique aliquid quis. Ipsa libero rerum ut quo sed dignissimos.',4,'2020-10-08 14:36:57','2020-10-08 14:36:57'),
	(187,1,'Anibal Schmidt','Fugiat nam error sit dolorum repellendus et ea. Minima officia hic nihil totam nesciunt.',4,'2020-10-08 14:36:57','2020-10-08 14:36:57'),
	(188,18,'Prof. Kay Brekke','Velit aut ipsum itaque iste provident itaque recusandae. Expedita sed aut dolorem nisi non dolore. Quia excepturi rerum sapiente. Quidem nulla error ut architecto doloremque amet.',1,'2020-10-08 14:36:57','2020-10-08 14:36:57'),
	(189,22,'Mr. Saul Koss PhD','Nobis ut saepe est ut optio magni sit. Ut repudiandae officiis nostrum maiores perferendis et. Minima magnam ducimus quasi ipsum autem odio libero eos.',0,'2020-10-08 14:36:57','2020-10-08 14:36:57'),
	(190,12,'Laurianne Osinski','Ut perspiciatis eum omnis nihil omnis nesciunt. Molestias qui qui tempore accusamus sapiente quia. Vel quae consequatur numquam aliquid.',5,'2020-10-08 14:36:57','2020-10-08 14:36:57'),
	(191,44,'Kaleb Spencer','Quis magnam impedit beatae nulla ratione. Aliquid sit dolores consequuntur voluptatem est. Qui quibusdam et rerum dolorem eligendi reprehenderit. Consequuntur quasi ullam excepturi voluptatem corrupti eum laudantium.',2,'2020-10-08 14:36:57','2020-10-08 14:36:57'),
	(192,19,'Glenda Marvin','Quod deleniti asperiores dolor temporibus quibusdam. Dolore perspiciatis voluptatem sit dolores cum molestiae. Eveniet omnis et in iste sed optio.',5,'2020-10-08 14:36:57','2020-10-08 14:36:57'),
	(193,40,'Casper Dooley','Magni iure maiores voluptatum et. Tempore culpa non nam magni quia. Rerum nihil voluptas culpa quae.',2,'2020-10-08 14:36:57','2020-10-08 14:36:57'),
	(194,6,'Fanny Leffler','Ex quos animi dignissimos ut occaecati et quia. Totam quis et nulla et consequatur tenetur ipsa. Qui harum quam est exercitationem. Modi rerum voluptatem sint suscipit qui.',4,'2020-10-08 14:36:57','2020-10-08 14:36:57'),
	(195,50,'Prof. Christophe Torphy','Reiciendis soluta omnis nisi perferendis. Qui vel numquam commodi sunt. Sint est qui sequi repellendus odit nisi consequatur. Nobis eum officia aut atque aut.',4,'2020-10-08 14:36:57','2020-10-08 14:36:57'),
	(196,12,'Laisha Wyman','Eos adipisci eligendi aut quas consequatur. Voluptatem debitis rerum omnis itaque nemo qui. Facilis ut voluptatum dolorum commodi veritatis.',3,'2020-10-08 14:36:57','2020-10-08 14:36:57'),
	(197,27,'Monte Will','Atque assumenda velit enim iste dolorum voluptatem quia quia. Fugiat animi nihil id cum aut sit laudantium. Voluptas amet necessitatibus ipsum numquam ipsam unde aut.',4,'2020-10-08 14:36:57','2020-10-08 14:36:57'),
	(198,49,'Kolby Mosciski','Voluptates consequatur non saepe tempora. Molestiae et pariatur numquam commodi. Vel animi reprehenderit voluptatem ut vitae sint nostrum.',3,'2020-10-08 14:36:57','2020-10-08 14:36:57'),
	(199,29,'Rosetta Wuckert','Sunt optio dolore temporibus sequi consequuntur. Quo velit est maxime laudantium recusandae consequatur ut. Quibusdam amet qui nihil vel rem ut.',2,'2020-10-08 14:36:57','2020-10-08 14:36:57'),
	(200,8,'Rachelle Kuvalis','Repudiandae veritatis ipsam mollitia ea et tenetur dicta. Ut est aperiam nobis et. Molestias placeat iusto nihil nulla. Sunt porro maiores ea asperiores quisquam velit vitae. Eos dolorem assumenda a ut sequi omnis.',5,'2020-10-08 14:36:57','2020-10-08 14:36:57'),
	(201,8,'Dr. Omer Herman Jr.','Rerum possimus eveniet at est omnis aliquam voluptas. Consequatur minima sunt tempora voluptas ut voluptas. Ipsum illum aut quia. Fuga quia voluptas iste dolorem quaerat iusto.',4,'2020-10-08 14:36:57','2020-10-08 14:36:57'),
	(202,3,'Rashad Bernhard','Aut non alias dignissimos aspernatur. Quia iste et voluptas accusantium dolor dolor enim.',1,'2020-10-08 14:36:57','2020-10-08 14:36:57'),
	(203,34,'Melvina Kub','Omnis esse doloremque est quasi nemo impedit sed. Adipisci tempore eveniet excepturi reiciendis temporibus consequatur aut. Sit eos distinctio autem quo autem nulla ut reprehenderit.',2,'2020-10-08 14:36:57','2020-10-08 14:36:57'),
	(204,2,'Alberto Abernathy DVM','Et quisquam cumque aut quod. Ut quam praesentium tempora numquam asperiores consequuntur necessitatibus impedit. Voluptates non explicabo et tempora doloribus ipsa. Eum est qui asperiores quo iure. Perferendis delectus sit rerum porro qui natus.',2,'2020-10-08 14:36:57','2020-10-08 14:36:57'),
	(205,1,'Maryjane Bahringer','Nostrum ab doloremque optio libero reprehenderit. Animi ut voluptas autem ut corporis aspernatur et. Rerum eum sapiente consequatur tenetur ipsa et molestiae. Porro aspernatur nulla qui eos consequatur. Dolores dolores eligendi laborum sed sunt iure optio.',0,'2020-10-08 14:36:57','2020-10-08 14:36:57'),
	(206,16,'Lucinda Bashirian','Expedita sit qui non sunt quas. Ullam dicta provident odio est. Enim qui facilis sint doloremque omnis quis.',1,'2020-10-08 14:36:57','2020-10-08 14:36:57'),
	(207,36,'Maia Rath IV','Et veniam nulla qui aut sed eveniet. Aut cupiditate molestiae quo quos quis ut. Molestiae ut deleniti nobis sit illum veniam.',2,'2020-10-08 14:36:57','2020-10-08 14:36:57'),
	(208,31,'Prof. Jany Dietrich Sr.','Adipisci quod necessitatibus voluptas architecto repellat non laborum. Eligendi rerum vel recusandae ad placeat. Sit culpa voluptas quidem esse. Veritatis sint libero voluptatibus ullam ipsa.',1,'2020-10-08 14:36:57','2020-10-08 14:36:57'),
	(209,16,'Laurie Kovacek','Ipsum nesciunt earum non soluta qui reiciendis. Natus impedit velit sit.',0,'2020-10-08 14:36:57','2020-10-08 14:36:57'),
	(210,16,'Ms. June Kunze','Velit quasi repudiandae ducimus exercitationem quae quia. Doloremque accusamus officia beatae nisi consequatur aspernatur. Laborum neque magni earum tempore consequatur molestiae sapiente. Et accusamus temporibus error autem qui sapiente.',2,'2020-10-08 14:36:57','2020-10-08 14:36:57'),
	(211,50,'Mr. Turner Sanford II','Architecto vel et hic asperiores aut error dolor. Sit quo et odit. Quidem ut inventore ratione repellendus. Quo facere molestias et nihil sit.',3,'2020-10-08 14:36:57','2020-10-08 14:36:57'),
	(212,18,'Prof. Finn Huels','Quia explicabo numquam eligendi est. Qui dolore vero dignissimos provident vel nulla. Sapiente voluptatem deleniti doloremque asperiores aliquid amet sed. Alias fuga sit porro nam.',2,'2020-10-08 14:36:57','2020-10-08 14:36:57'),
	(213,16,'Araceli Goldner','Qui beatae nulla aut repellendus. Cumque voluptatibus eum sed fugiat temporibus. In quis deleniti ut molestiae molestiae molestiae enim. Ratione laborum dolore dolores.',1,'2020-10-08 14:36:57','2020-10-08 14:36:57'),
	(214,36,'Shea Shields','Autem inventore et eos alias quam qui. Et sed provident velit sed tempora vel et doloribus. Dolorem ratione fugit dolor velit numquam enim optio.',1,'2020-10-08 14:36:57','2020-10-08 14:36:57'),
	(215,1,'Elinore Mohr','Eum quo sunt quaerat. Veritatis autem harum mollitia ipsa vero quia. Dolores asperiores asperiores odio repudiandae possimus et.',1,'2020-10-08 14:36:57','2020-10-08 14:36:57'),
	(216,42,'Lois Kshlerin','Voluptate nam praesentium et velit deleniti. Consequatur fuga ut dolores impedit ratione velit. Odio qui numquam enim sequi ullam laboriosam consequatur. Et molestias est facilis veritatis harum quaerat et.',2,'2020-10-08 14:36:57','2020-10-08 14:36:57'),
	(217,24,'Dr. Meaghan Collier','Ut ipsum doloribus reprehenderit quod nemo aut aut. Aut fugit voluptas et non consequatur. Iusto qui est fugiat. Dolores est necessitatibus sit quae maxime.',5,'2020-10-08 14:36:57','2020-10-08 14:36:57'),
	(218,20,'Nasir Koelpin','Sint saepe maxime illo. Tempore quo quo consequatur recusandae. Omnis et est voluptatem nihil accusantium quaerat odit. Nobis recusandae aut veniam velit et.',3,'2020-10-08 14:36:57','2020-10-08 14:36:57'),
	(219,8,'Maureen Herzog','Excepturi reiciendis architecto eveniet animi debitis temporibus deleniti asperiores. Fugit odio autem molestias facere. Ipsum numquam praesentium ut sequi dolor laudantium. Adipisci est at voluptates est eum qui. Ducimus repellat magnam tempore suscipit consequatur velit quia.',0,'2020-10-08 14:36:57','2020-10-08 14:36:57'),
	(220,17,'Gerardo Baumbach DVM','Aut voluptatem maxime aut hic magnam. Libero omnis sapiente illo illo voluptatibus. Tempore vero quia repellendus. Eligendi quisquam quos dicta.',3,'2020-10-08 14:36:57','2020-10-08 14:36:57'),
	(221,30,'Colby Ortiz','Et libero atque sequi est. Tenetur dolorum vero qui corrupti cumque voluptatum. Beatae in quod aut consequatur vero. Unde consequuntur voluptas dicta. Fugit ratione quia quam explicabo repudiandae.',2,'2020-10-08 14:36:57','2020-10-08 14:36:57'),
	(222,31,'Selena Windler','Atque voluptates aut omnis et aliquam. Dignissimos neque et quia eos maxime. Assumenda accusamus omnis quod ut iure quasi.',2,'2020-10-08 14:36:57','2020-10-08 14:36:57'),
	(223,50,'Prof. Cody Bednar DDS','Incidunt tenetur et ut ut dolorem. Molestiae dolorum ad non ipsam ut. Ea ea non perferendis sed qui veritatis.',1,'2020-10-08 14:36:57','2020-10-08 14:36:57'),
	(224,9,'Dr. Antonette Halvorson','Ea voluptates laborum architecto optio esse dignissimos. Hic minus sit aut. Doloribus ut qui nobis.',0,'2020-10-08 14:36:57','2020-10-08 14:36:57'),
	(225,25,'Isabella Wehner V','Quae et architecto eaque nihil. Nobis id deleniti et. Voluptas a ab sapiente. Placeat illum aliquam inventore quibusdam nemo inventore qui.',5,'2020-10-08 14:36:57','2020-10-08 14:36:57'),
	(226,19,'Kip Stark','Sequi illo qui est explicabo laborum. Harum veritatis illo in qui numquam dolores voluptatem iste. Est vel et earum sequi est quam.',4,'2020-10-08 14:36:57','2020-10-08 14:36:57'),
	(227,47,'Josefina Blick','Autem architecto voluptas dolorem et. Quis expedita cum voluptatem occaecati. Adipisci laborum possimus quia et. Quod doloremque voluptas quos illum et.',4,'2020-10-08 14:36:57','2020-10-08 14:36:57'),
	(228,43,'Dr. Ellen Auer DVM','Voluptatem assumenda et consequatur perspiciatis earum. In occaecati aut ratione iste debitis quas et ipsa. Eos sed dolorem id id.',3,'2020-10-08 14:36:57','2020-10-08 14:36:57'),
	(229,15,'Dr. Maxwell Hansen IV','Corporis placeat corrupti ipsum ut porro voluptatem laboriosam quidem. Est modi provident sit voluptas ea. Ex incidunt sapiente optio libero error qui. At itaque molestiae maxime magnam est ex omnis. Et quo id neque sint et.',2,'2020-10-08 14:36:57','2020-10-08 14:36:57'),
	(230,8,'Drake Collier','Commodi incidunt aspernatur qui dolore qui impedit saepe. Ut sed qui voluptatem. Adipisci natus aut nihil consequatur quod id.',0,'2020-10-08 14:36:57','2020-10-08 14:36:57'),
	(231,7,'Brandon Goodwin','Ut exercitationem voluptas recusandae. Est voluptas facere quis magni id. Non explicabo commodi consequuntur a doloribus reiciendis laboriosam debitis. Doloremque voluptatem voluptatem doloribus sint magnam.',3,'2020-10-08 14:36:57','2020-10-08 14:36:57'),
	(232,14,'Dallin Hudson IV','Sunt doloribus aspernatur voluptas aut voluptas. Et ipsum voluptate optio dolore saepe exercitationem. Reprehenderit architecto magnam enim magnam eum. Labore impedit nesciunt at voluptas quaerat fugiat.',0,'2020-10-08 14:36:57','2020-10-08 14:36:57'),
	(233,26,'Anibal Macejkovic','Ab possimus iste mollitia necessitatibus ullam rerum blanditiis quo. Sequi repudiandae dolorem eos est. Voluptatem voluptatibus commodi voluptates cum.',1,'2020-10-08 14:36:57','2020-10-08 14:36:57'),
	(234,49,'Alba Deckow','Velit qui ducimus non cumque. Quia fugit eum dolorem in ducimus. Eum consequatur hic tenetur deserunt quia non rerum. At repellendus molestias omnis quam. Nostrum fugit minima voluptatem qui at minima facilis.',3,'2020-10-08 14:36:57','2020-10-08 14:36:57'),
	(235,34,'Dr. Sofia McKenzie','Illo qui vel eligendi. Officiis animi quo officiis ab placeat. Beatae asperiores sed quidem voluptas voluptatem vero laborum. Qui in quaerat laboriosam enim debitis debitis.',3,'2020-10-08 14:36:57','2020-10-08 14:36:57'),
	(236,39,'Dr. Tiffany Willms I','Nemo quia molestiae sint expedita explicabo vitae modi. Neque rerum ut molestiae aut aliquam vel. Corporis qui iste alias aliquam sint qui.',1,'2020-10-08 14:36:57','2020-10-08 14:36:57'),
	(237,25,'Carlos Wilderman Jr.','Ut adipisci id aperiam in vel hic. Et eligendi ut non deserunt. Voluptate est ipsum blanditiis quibusdam eum libero ducimus. Ab illum velit numquam et velit quae nisi.',2,'2020-10-08 14:36:57','2020-10-08 14:36:57'),
	(238,21,'Cecelia Wyman','Minima laborum natus nobis voluptas. Sunt sit atque consequatur. Iure ut voluptates nam culpa eum veritatis molestiae.',3,'2020-10-08 14:36:57','2020-10-08 14:36:57'),
	(239,18,'Neil Schuppe','Omnis non ut distinctio eveniet est. Officiis quidem minus blanditiis consequatur impedit necessitatibus quam est. Dolorum qui corporis incidunt et voluptatem. Repellat et unde aut alias.',4,'2020-10-08 14:36:57','2020-10-08 14:36:57'),
	(240,45,'Leonardo Terry','Maxime quidem omnis harum cum ab magnam. Occaecati iusto hic aliquam esse tempore ut. Doloribus officia totam vitae error nulla animi aut.',0,'2020-10-08 14:36:57','2020-10-08 14:36:57'),
	(241,18,'Christina Rempel','Fugiat aut sed assumenda non numquam explicabo consequatur. Itaque dolorem saepe aliquam repudiandae cumque consequatur quaerat. Enim et eum accusantium.',2,'2020-10-08 14:36:57','2020-10-08 14:36:57'),
	(242,49,'Raven Reynolds','Qui est est ut incidunt minima. Voluptatum et ipsam qui nobis et. Voluptatum provident natus autem ipsam.',3,'2020-10-08 14:36:57','2020-10-08 14:36:57'),
	(243,19,'Margret Bednar V','Nam qui dolores cupiditate blanditiis totam. Id et est qui ex facere. Corporis amet quia nemo cumque. Quia dignissimos nihil quisquam dolore.',0,'2020-10-08 14:36:57','2020-10-08 14:36:57'),
	(244,43,'Muhammad Roob','Et quibusdam accusamus molestiae sit. Est deserunt maxime similique omnis nihil ut molestiae. Est sapiente sed aut ab ipsam voluptatem voluptas.',4,'2020-10-08 14:36:57','2020-10-08 14:36:57'),
	(245,28,'Brennan Emard','Molestias possimus dicta et rerum nam possimus beatae voluptate. Consectetur molestiae ut perferendis tempora atque nisi quas id. Ut tempore explicabo possimus sit ea nihil sunt. Eius est fuga harum iure. Consequatur eos facere pariatur aut modi dolor fugit.',1,'2020-10-08 14:36:57','2020-10-08 14:36:57'),
	(246,2,'Malvina Considine','Dolores quod omnis ut numquam ut sint. Et molestiae id sed et rerum quos aliquid. Est aut nobis necessitatibus ut.',3,'2020-10-08 14:36:57','2020-10-08 14:36:57'),
	(247,28,'Miss Salma Conn DVM','Eum nihil reprehenderit velit dolorem. Necessitatibus autem explicabo sit est ut repellendus et. Ut ad illo et deserunt distinctio. Animi temporibus corrupti aut nesciunt et odio.',3,'2020-10-08 14:36:57','2020-10-08 14:36:57'),
	(248,34,'Elfrieda Reinger','Fuga necessitatibus qui odit est. Dolorum voluptatem omnis ratione sint eius ipsam qui. Laboriosam exercitationem dolorem error minima ut quo. A est saepe consectetur quae sit rerum qui iusto.',3,'2020-10-08 14:36:57','2020-10-08 14:36:57'),
	(249,21,'Zaria Doyle PhD','Aut qui quas ut blanditiis nostrum et beatae. Laborum quae debitis totam accusamus distinctio ullam facilis. Provident inventore qui officia ut iusto officia officiis enim.',1,'2020-10-08 14:36:57','2020-10-08 14:36:57'),
	(250,47,'Miss Emmanuelle Fritsch Jr.','Magni est aut adipisci dolores. Nisi numquam temporibus deleniti tempora saepe ut quod. Repudiandae dolor aut quia quidem facere ducimus.',0,'2020-10-08 14:36:57','2020-10-08 14:36:57'),
	(251,31,'Mrs. Ardella Kassulke','Sequi impedit nemo quos voluptatem fuga odio sed. Possimus fuga et atque autem vero sed impedit. Quo sint dolore et sint sit et possimus. Voluptas est odit voluptatem hic quaerat.',5,'2020-10-08 14:36:57','2020-10-08 14:36:57'),
	(252,25,'Rahsaan Mayer PhD','Dicta omnis quos aspernatur quae quo ad aliquam. Praesentium sed odit nisi in omnis quasi non. Totam aut voluptatum quidem. Ut consequuntur nostrum minus consequatur quia ut.',3,'2020-10-08 14:36:57','2020-10-08 14:36:57'),
	(253,13,'Angeline Moen','Consectetur velit sint id fugit amet sit cupiditate. Et quibusdam nihil deleniti accusantium. Aut iusto est ea non asperiores. Sint eos ut velit quod et velit facilis.',5,'2020-10-08 14:36:57','2020-10-08 14:36:57'),
	(254,41,'Prof. Malvina Beer IV','Ducimus ut ratione dignissimos saepe velit optio. Alias sed tenetur animi sunt rerum iste. Ut qui qui porro qui sint placeat et.',5,'2020-10-08 14:36:57','2020-10-08 14:36:57'),
	(255,28,'Eleanora DuBuque','Consequatur sed rem fugit suscipit ad suscipit. Aliquid sed est veritatis. Assumenda perferendis ratione vel autem. Beatae minus explicabo nihil voluptas doloribus enim animi totam. Et maiores quaerat aspernatur dignissimos modi.',2,'2020-10-08 14:36:57','2020-10-08 14:36:57'),
	(256,39,'Miss Brianne Lindgren','Libero rem eius voluptates odit molestiae non deserunt. Est maiores quo tempore facilis est suscipit. Sed dolores vero fugiat deserunt provident.',1,'2020-10-08 14:36:57','2020-10-08 14:36:57'),
	(257,44,'June Boehm','Ut consectetur eum ut. Nobis ut dolorem nobis iste accusantium dolores quod. Sed et veniam possimus quos dolores quia asperiores.',5,'2020-10-08 14:36:57','2020-10-08 14:36:57'),
	(258,47,'Prof. Bulah Hagenes','Ut fugit sint et corrupti dolorum corrupti culpa odio. Pariatur dolorum natus dolorum voluptas. Architecto nobis eligendi iure non veniam quia.',3,'2020-10-08 14:36:57','2020-10-08 14:36:57'),
	(259,46,'Darlene Sauer','Reiciendis ipsam dolorum fugiat. Rerum quisquam et tempora non modi quis perspiciatis. Nam omnis minima esse suscipit in asperiores sunt deleniti. Placeat ut vel accusamus illo dolores eius.',5,'2020-10-08 14:36:57','2020-10-08 14:36:57'),
	(260,45,'Nelson Bashirian','Omnis neque nihil voluptatum vel. Vel sit et voluptas explicabo eos similique laborum. Minus nisi ratione consequatur quaerat saepe. Sunt eligendi quis est est et voluptatem.',1,'2020-10-08 14:36:57','2020-10-08 14:36:57'),
	(261,32,'Prof. Marcellus Veum Jr.','Rerum minus et labore culpa nihil. Commodi consequatur ut vel et. Laborum voluptatem quis exercitationem totam voluptatum porro cum. Error libero commodi quam est dolorem.',0,'2020-10-08 14:36:57','2020-10-08 14:36:57'),
	(262,26,'Ardella Satterfield','Ab ut deleniti in reiciendis laboriosam. Debitis velit sed et tempore est autem corporis. Perspiciatis odit eaque ducimus ipsa dolorem molestiae quisquam.',1,'2020-10-08 14:36:57','2020-10-08 14:36:57'),
	(263,6,'Shana Feest','Fugit repudiandae id et expedita hic natus repellat. Et accusantium aut eos voluptatem. Fugiat et qui molestiae maxime id totam suscipit architecto.',1,'2020-10-08 14:36:57','2020-10-08 14:36:57'),
	(264,46,'Jules Franecki','Quas officia voluptatum illum qui dolorum sequi pariatur. Nulla modi accusamus aliquam. Est reprehenderit quo enim libero harum ut ut aperiam. Perferendis placeat recusandae accusantium sunt dicta est nemo. Dolor quo ut architecto est rerum sunt.',5,'2020-10-08 14:36:57','2020-10-08 14:36:57'),
	(265,41,'Elinor Schowalter','Rerum consequatur dolor dolores autem aut omnis officia aut. Voluptatibus iure nisi quas aperiam beatae repudiandae. Sequi qui dolor possimus quo.',2,'2020-10-08 14:36:57','2020-10-08 14:36:57'),
	(266,9,'Dr. Bradley Mann','Officia tempore ducimus eius doloribus eaque. Quisquam nostrum debitis blanditiis ut repudiandae dignissimos. Error beatae et et est ipsam. Nobis sint quam dolorem et.',0,'2020-10-08 14:36:57','2020-10-08 14:36:57'),
	(267,24,'Margarete Becker','Id deleniti quia quae mollitia laborum et earum id. Dolorem qui et sunt. Quia nemo in iusto totam voluptatem iusto ut. Sit ad excepturi unde illum cum.',5,'2020-10-08 14:36:57','2020-10-08 14:36:57'),
	(268,31,'Prof. Timmy Crona I','Et officiis non cumque ut officiis cum sed deserunt. Dolor quis et aliquam hic ipsam voluptatibus. Fugit culpa tempore unde. Incidunt quisquam ratione sit.',0,'2020-10-08 14:36:57','2020-10-08 14:36:57'),
	(269,12,'Mr. Jasen Fahey I','In ut fugiat ipsa est molestias. Et quam sit rerum quis voluptates. Ratione sed fuga natus deserunt.',0,'2020-10-08 14:36:57','2020-10-08 14:36:57'),
	(270,10,'Aliza Schmeler','Distinctio ut sunt quo quibusdam dolor aperiam deleniti. Cumque architecto enim autem quisquam nobis.',0,'2020-10-08 14:36:57','2020-10-08 14:36:57'),
	(271,39,'Mrs. Mazie Bayer','Explicabo dolore quos provident corporis quo sit dolorem. Omnis quo et assumenda inventore. Quia amet et amet ut. Rem animi illo a cumque. Corporis et modi ea omnis officiis odit.',3,'2020-10-08 14:36:57','2020-10-08 14:36:57'),
	(272,46,'Skyla Ratke','Quibusdam expedita id eum velit molestias quo. Consequatur id provident quaerat incidunt rerum dolor quam. In qui distinctio animi ad eos aspernatur natus quam.',5,'2020-10-08 14:36:57','2020-10-08 14:36:57'),
	(273,17,'Timmothy Powlowski','Quasi nisi corrupti expedita animi omnis et. Soluta suscipit officiis earum est odio. Qui totam delectus molestiae et consequatur quis repellat.',5,'2020-10-08 14:36:57','2020-10-08 14:36:57'),
	(274,41,'Bria Mraz III','Illo molestiae eveniet explicabo corrupti voluptatibus enim. Dolores omnis aut enim voluptatem sequi dolorem. Accusamus tempora ducimus maiores ipsum.',2,'2020-10-08 14:36:57','2020-10-08 14:36:57'),
	(275,41,'Ceasar Anderson','Asperiores et dicta voluptatem ex facere. Fugit recusandae ducimus minus. Quae repudiandae et quisquam repellat. Sapiente praesentium non in ad et libero distinctio.',3,'2020-10-08 14:36:57','2020-10-08 14:36:57'),
	(276,16,'Queen Wiegand','Esse sunt nisi omnis ipsum. Et excepturi praesentium nisi esse doloribus at voluptatem incidunt. Tempora nemo est quia dolores eius qui. Possimus consequatur ea doloribus aut earum impedit ut.',1,'2020-10-08 14:36:57','2020-10-08 14:36:57'),
	(277,2,'Carley Dach','Quia qui sit quia rerum reiciendis quisquam. Beatae cum in enim.',4,'2020-10-08 14:36:57','2020-10-08 14:36:57'),
	(278,41,'Herta Hansen','Aspernatur explicabo molestiae iusto ad quis. Ea laboriosam qui et enim eum eaque fugiat esse. Est est est dolore. Quidem aut aut dignissimos aut.',4,'2020-10-08 14:36:57','2020-10-08 14:36:57'),
	(279,2,'Verner Altenwerth V','Modi dolor dolore error qui veniam. Ut rem quae distinctio dolorem eum illum. Id illo est dolores et. Autem eos ipsam dignissimos omnis.',3,'2020-10-08 14:36:57','2020-10-08 14:36:57'),
	(280,19,'Mrs. Keely Casper','Dolor iste quis nobis dolores. Minima doloremque officia dolorum excepturi placeat voluptate. Est qui quo praesentium sed cumque quibusdam.',4,'2020-10-08 14:36:57','2020-10-08 14:36:57'),
	(281,14,'Cordia Bogisich','Commodi adipisci fugit deserunt rerum odio. Architecto voluptatem laboriosam enim porro quam nobis rerum molestias. Consequatur quibusdam doloremque quidem ad ut.',5,'2020-10-08 14:36:57','2020-10-08 14:36:57'),
	(282,1,'Khalid Wolff V','Ex deleniti reprehenderit quam non veniam et. Culpa fuga mollitia quia est corrupti est. Inventore nesciunt laborum rerum officiis.',4,'2020-10-08 14:36:57','2020-10-08 14:36:57'),
	(283,26,'Dr. Jaqueline Kreiger Sr.','Quo nisi qui iste quam quos et qui. Ut aut rerum omnis totam facilis nostrum. Earum dolorum blanditiis qui et impedit sed repellat.',3,'2020-10-08 14:36:57','2020-10-08 14:36:57'),
	(284,24,'Miss Jayda Wilderman MD','Ab harum aliquam alias magnam. Quas exercitationem est voluptas nihil maxime. Ea natus rerum et facere minus.',4,'2020-10-08 14:36:57','2020-10-08 14:36:57'),
	(285,38,'Alec Jenkins','Quasi iusto dignissimos aut at architecto quis laborum. Voluptas voluptates modi optio alias officiis blanditiis voluptatem. Earum rerum debitis dolorem nesciunt officia distinctio sit. Est quaerat omnis sed rerum maiores.',2,'2020-10-08 14:36:57','2020-10-08 14:36:57'),
	(286,41,'Fannie Romaguera III','Aut rerum omnis mollitia aliquam nihil sunt ullam. Voluptatem odit aut laboriosam laudantium consequuntur. Quia voluptates explicabo dignissimos quam quae mollitia.',5,'2020-10-08 14:36:57','2020-10-08 14:36:57'),
	(287,36,'Freddie Graham','Iste laudantium dolor placeat voluptates illo. Maxime voluptas et nisi nulla culpa nemo veniam. Et neque suscipit nobis itaque.',0,'2020-10-08 14:36:57','2020-10-08 14:36:57'),
	(288,39,'Dorthy Hamill','Consectetur blanditiis aperiam est molestias distinctio culpa. Est maxime est deserunt ipsam sapiente repellat. Eius sit reprehenderit ut. Autem veritatis delectus quod autem iure magni blanditiis.',2,'2020-10-08 14:36:57','2020-10-08 14:36:57'),
	(289,31,'Minerva Labadie','Minima eaque fugit nihil rerum ipsam. Rerum eius omnis qui facere. Enim id autem aliquam et illo tempora. Autem officia non quo id.',3,'2020-10-08 14:36:57','2020-10-08 14:36:57'),
	(290,25,'Philip Howell Jr.','Et ab dolor accusamus nesciunt. Sapiente consequatur minus libero earum et commodi vero. Quod magnam ut assumenda facilis aut.',0,'2020-10-08 14:36:57','2020-10-08 14:36:57'),
	(291,8,'Henriette Runte PhD','Voluptas voluptates nisi non saepe id quibusdam error. Ratione molestiae nesciunt praesentium aut.',4,'2020-10-08 14:36:57','2020-10-08 14:36:57'),
	(292,13,'Orville Mayert V','Velit accusantium fugiat hic aut molestias non fugit. Cumque ut doloribus itaque dolor. Ea dolores in rerum sint vitae.',0,'2020-10-08 14:36:57','2020-10-08 14:36:57'),
	(293,24,'Tianna Green','Pariatur laborum earum tenetur minima eveniet voluptatem. Maxime debitis minus doloribus dolorem rem. In expedita cupiditate neque eum consequuntur rerum adipisci.',2,'2020-10-08 14:36:57','2020-10-08 14:36:57'),
	(294,47,'Pearl Beer','Repudiandae laborum ea quas dolor fugit ea saepe. Harum omnis ullam consequatur velit sunt esse itaque. Possimus expedita alias repudiandae non. Repellendus quia in sed fugit.',3,'2020-10-08 14:36:57','2020-10-08 14:36:57'),
	(295,10,'Carmella Thiel DVM','Voluptatem fugiat blanditiis voluptatem deleniti at. Ut aut aperiam delectus delectus ut dolore dicta reprehenderit. Minima rerum asperiores consequuntur provident sequi. Qui libero beatae eligendi non et atque ab. Error sit commodi velit quia vero nam cumque.',0,'2020-10-08 14:36:57','2020-10-08 14:36:57'),
	(296,12,'Prof. Andrew Bechtelar','Quas rem harum voluptas. Dolor exercitationem maiores modi. Fugit ab qui harum sit.',2,'2020-10-08 14:36:57','2020-10-08 14:36:57'),
	(297,42,'Elian Herman','Sapiente illum dolores cupiditate quia id aut. Voluptatem et cumque accusamus dignissimos in possimus. Dolorem quia voluptas debitis ipsa debitis quia.',5,'2020-10-08 14:36:57','2020-10-08 14:36:57'),
	(298,28,'Jarret Spencer','Cumque quibusdam laborum sit voluptatem. Assumenda eum quia labore et. Nihil atque cumque ipsa magnam.',1,'2020-10-08 14:36:57','2020-10-08 14:36:57'),
	(299,37,'Prof. Talon Hammes Sr.','Rerum aperiam voluptatem laudantium aperiam fuga quam nulla voluptate. Officiis nisi voluptatum non dolorem optio. Voluptas assumenda laboriosam aliquam.',3,'2020-10-08 14:36:57','2020-10-08 14:36:57'),
	(300,45,'Prof. Yadira Predovic IV','Aut aut sit voluptatem deleniti. Quod eveniet facere officia iste nobis qui. Doloribus consequatur aliquid est vero adipisci dolor ea.',3,'2020-10-08 14:36:57','2020-10-08 14:36:57');

/*!40000 ALTER TABLE `reviews` ENABLE KEYS */;
UNLOCK TABLES;


# Dump of table users
# ------------------------------------------------------------

DROP TABLE IF EXISTS `users`;

CREATE TABLE `users` (
  `id` int(10) unsigned NOT NULL AUTO_INCREMENT,
  `name` varchar(255) COLLATE utf8mb4_unicode_ci NOT NULL,
  `email` varchar(255) COLLATE utf8mb4_unicode_ci NOT NULL,
  `password` varchar(255) COLLATE utf8mb4_unicode_ci NOT NULL,
  `remember_token` varchar(100) COLLATE utf8mb4_unicode_ci DEFAULT NULL,
  `created_at` timestamp NULL DEFAULT NULL,
  `updated_at` timestamp NULL DEFAULT NULL,
  PRIMARY KEY (`id`),
  UNIQUE KEY `users_email_unique` (`email`)
) ENGINE=InnoDB DEFAULT CHARSET=utf8mb4 COLLATE=utf8mb4_unicode_ci;




/*!40111 SET SQL_NOTES=@OLD_SQL_NOTES */;
/*!40101 SET SQL_MODE=@OLD_SQL_MODE */;
/*!40014 SET FOREIGN_KEY_CHECKS=@OLD_FOREIGN_KEY_CHECKS */;
/*!40101 SET CHARACTER_SET_CLIENT=@OLD_CHARACTER_SET_CLIENT */;
/*!40101 SET CHARACTER_SET_RESULTS=@OLD_CHARACTER_SET_RESULTS */;
/*!40101 SET COLLATION_CONNECTION=@OLD_COLLATION_CONNECTION */;
